model,feature_set,protocol,corner,accuracy,precision,recall,f1
RandomForest,raw,standard_split,C_27C_1P0V,1.0,1.0,1.0,1.0
LogisticRegression,raw,standard_split,C_27C_1P0V,1.0,1.0,1.0,1.0
LinearSVM,raw,standard_split,C_27C_1P0V,1.0,1.0,1.0,1.0
HistGradientBoosting,raw,standard_split,C_27C_1P0V,1.0,1.0,1.0,1.0
NonML_Baseline,raw,standard_split,C_27C_1P0V,0.8333,0.5,0.4167,0.4545
RandomForest,invariant,standard_split,C_27C_1P0V,1.0,1.0,1.0,1.0
LogisticRegression,invariant,standard_split,C_27C_1P0V,1.0,1.0,1.0,1.0
LinearSVM,invariant,standard_split,C_27C_1P0V,1.0,1.0,1.0,1.0
HistGradientBoosting,invariant,standard_split,C_27C_1P0V,1.0,1.0,1.0,1.0
NonML_Baseline,invariant,standard_split,C_27C_1P0V,0.3333,0.5,0.1667,0.25
RandomForest,raw,leave_one_corner_out,C_0C_0P9V,0.5667,0.4,0.6,0.4643
LogisticRegression,raw,leave_one_corner_out,C_0C_0P9V,0.4,0.44,0.4333,0.3949
LinearSVM,raw,leave_one_corner_out,C_0C_0P9V,0.4333,0.4421,0.4667,0.424
HistGradientBoosting,raw,leave_one_corner_out,C_0C_0P9V,0.5333,0.4556,0.5667,0.4833
NonML_Baseline,raw,leave_one_corner_out,C_0C_0P9V,0.4667,0.5294,0.7241,0.3651
RandomForest,invariant,leave_one_corner_out,C_0C_0P9V,0.9667,0.9714,0.9833,0.9759
LogisticRegression,invariant,leave_one_corner_out,C_0C_0P9V,0.6,0.6667,0.5667,0.5333
LinearSVM,invariant,leave_one_corner_out,C_0C_0P9V,0.6333,0.6333,0.5833,0.5663
HistGradientBoosting,invariant,leave_one_corner_out,C_0C_0P9V,1.0,1.0,1.0,1.0
NonML_Baseline,invariant,leave_one_corner_out,C_0C_0P9V,0.2,0.52,0.5862,0.1855
RandomForest,raw,leave_one_corner_out,C_0C_1P0V,0.9,0.7333,0.7667,0.7418
LogisticRegression,raw,leave_one_corner_out,C_0C_1P0V,0.7,0.6423,0.6333,0.6063
LinearSVM,raw,leave_one_corner_out,C_0C_1P0V,0.7333,0.6762,0.6,0.602
HistGradientBoosting,raw,leave_one_corner_out,C_0C_1P0V,0.9,0.7214,0.7667,0.7379
NonML_Baseline,raw,leave_one_corner_out,C_0C_1P0V,0.2333,0.4375,0.1207,0.1892
RandomForest,invariant,leave_one_corner_out,C_0C_1P0V,0.9667,0.7846,0.8,0.792
LogisticRegression,invariant,leave_one_corner_out,C_0C_1P0V,0.9,0.7513,0.7333,0.7405
LinearSVM,invariant,leave_one_corner_out,C_0C_1P0V,0.8667,0.7314,0.7,0.7119
HistGradientBoosting,invariant,leave_one_corner_out,C_0C_1P0V,0.9667,0.7846,0.8,0.792
NonML_Baseline,invariant,leave_one_corner_out,C_0C_1P0V,0.1667,0.4167,0.0862,0.1429
RandomForest,raw,leave_one_corner_out,C_0C_1P1V,0.9667,0.7714,0.8,0.7846
LogisticRegression,raw,leave_one_corner_out,C_0C_1P1V,0.8,0.7333,0.6333,0.6418
LinearSVM,raw,leave_one_corner_out,C_0C_1P1V,0.8,0.7333,0.6333,0.6418
HistGradientBoosting,raw,leave_one_corner_out,C_0C_1P1V,0.9667,0.7846,0.8,0.792
NonML_Baseline,raw,leave_one_corner_out,C_0C_1P1V,0.2667,0.5217,0.6207,0.2361
RandomForest,invariant,leave_one_corner_out,C_0C_1P1V,1.0,1.0,1.0,1.0
LogisticRegression,invariant,leave_one_corner_out,C_0C_1P1V,0.9333,0.756,0.7667,0.7584
LinearSVM,invariant,leave_one_corner_out,C_0C_1P1V,0.9,0.7346,0.7333,0.7234
HistGradientBoosting,invariant,leave_one_corner_out,C_0C_1P1V,1.0,1.0,1.0,1.0
NonML_Baseline,invariant,leave_one_corner_out,C_0C_1P1V,0.2,0.52,0.5862,0.1855
RandomForest,raw,leave_one_corner_out,C_125C_0P9V,0.8333,0.681,0.7,0.6897
LogisticRegression,raw,leave_one_corner_out,C_125C_0P9V,0.8667,0.75,0.7,0.7048
LinearSVM,raw,leave_one_corner_out,C_125C_0P9V,0.7667,0.6833,0.6333,0.6196
HistGradientBoosting,raw,leave_one_corner_out,C_125C_0P9V,0.8,0.8095,0.8333,0.769
NonML_Baseline,raw,leave_one_corner_out,C_125C_0P9V,0.4,0.5263,0.6897,0.325
RandomForest,invariant,leave_one_corner_out,C_125C_0P9V,1.0,1.0,1.0,1.0
LogisticRegression,invariant,leave_one_corner_out,C_125C_0P9V,0.8667,0.7238,0.7167,0.7177
LinearSVM,invariant,leave_one_corner_out,C_125C_0P9V,0.8667,0.7238,0.7167,0.7177
HistGradientBoosting,invariant,leave_one_corner_out,C_125C_0P9V,1.0,1.0,1.0,1.0
NonML_Baseline,invariant,leave_one_corner_out,C_125C_0P9V,0.2667,0.5217,0.6207,0.2361
RandomForest,raw,leave_one_corner_out,C_125C_1P0V,0.9,0.7214,0.75,0.7346
LogisticRegression,raw,leave_one_corner_out,C_125C_1P0V,0.8,0.6872,0.6667,0.6533
LinearSVM,raw,leave_one_corner_out,C_125C_1P0V,0.8,0.6872,0.6667,0.6533
HistGradientBoosting,raw,leave_one_corner_out,C_125C_1P0V,0.9333,0.9548,0.95,0.9498
NonML_Baseline,raw,leave_one_corner_out,C_125C_1P0V,0.3,0.5227,0.6379,0.2597
RandomForest,invariant,leave_one_corner_out,C_125C_1P0V,0.9667,0.9,0.9833,0.9246
LogisticRegression,invariant,leave_one_corner_out,C_125C_1P0V,0.7667,0.6375,0.6167,0.6127
LinearSVM,invariant,leave_one_corner_out,C_125C_1P0V,0.8333,0.7067,0.6833,0.6902
HistGradientBoosting,invariant,leave_one_corner_out,C_125C_1P0V,1.0,1.0,1.0,1.0
NonML_Baseline,invariant,leave_one_corner_out,C_125C_1P0V,0.2333,0.5208,0.6034,0.2114
RandomForest,raw,leave_one_corner_out,C_125C_1P1V,0.9,0.7333,0.7333,0.72
LogisticRegression,raw,leave_one_corner_out,C_125C_1P1V,0.8667,0.7214,0.7,0.6894
LinearSVM,raw,leave_one_corner_out,C_125C_1P1V,0.8,0.6909,0.6667,0.6484
HistGradientBoosting,raw,leave_one_corner_out,C_125C_1P1V,1.0,1.0,1.0,1.0
NonML_Baseline,raw,leave_one_corner_out,C_125C_1P1V,0.2667,0.5217,0.6207,0.2361
RandomForest,invariant,leave_one_corner_out,C_125C_1P1V,1.0,1.0,1.0,1.0
LogisticRegression,invariant,leave_one_corner_out,C_125C_1P1V,0.7667,0.7263,0.6,0.6148
LinearSVM,invariant,leave_one_corner_out,C_125C_1P1V,0.8333,0.7412,0.6667,0.6807
HistGradientBoosting,invariant,leave_one_corner_out,C_125C_1P1V,1.0,1.0,1.0,1.0
NonML_Baseline,invariant,leave_one_corner_out,C_125C_1P1V,0.2,0.52,0.5862,0.1855
RandomForest,raw,leave_one_corner_out,C_27C_0P9V,0.7,0.68,0.6667,0.6143
LogisticRegression,raw,leave_one_corner_out,C_27C_0P9V,0.8667,0.7171,0.7167,0.7147
LinearSVM,raw,leave_one_corner_out,C_27C_0P9V,0.7667,0.6794,0.6167,0.6317
HistGradientBoosting,raw,leave_one_corner_out,C_27C_0P9V,0.7667,0.8923,0.8833,0.844
NonML_Baseline,raw,leave_one_corner_out,C_27C_0P9V,0.4333,0.5278,0.7069,0.3453
RandomForest,invariant,leave_one_corner_out,C_27C_0P9V,1.0,1.0,1.0,1.0
LogisticRegression,invariant,leave_one_corner_out,C_27C_0P9V,0.9333,0.7548,0.7833,0.7679
LinearSVM,invariant,leave_one_corner_out,C_27C_0P9V,0.9,0.7381,0.7333,0.7331
HistGradientBoosting,invariant,leave_one_corner_out,C_27C_0P9V,0.9667,0.9714,0.9833,0.9759
NonML_Baseline,invariant,leave_one_corner_out,C_27C_0P9V,0.2,0.52,0.5862,0.1855
RandomForest,raw,leave_one_corner_out,C_27C_1P0V,0.9333,0.7714,0.7667,0.7664
LogisticRegression,raw,leave_one_corner_out,C_27C_1P0V,0.9,0.76,0.7333,0.7378
LinearSVM,raw,leave_one_corner_out,C_27C_1P0V,0.8,0.7333,0.6333,0.6533
HistGradientBoosting,raw,leave_one_corner_out,C_27C_1P0V,0.9333,0.7714,0.7667,0.7664
NonML_Baseline,raw,leave_one_corner_out,C_27C_1P0V,0.3,0.5227,0.6379,0.2597
RandomForest,invariant,leave_one_corner_out,C_27C_1P0V,1.0,1.0,1.0,1.0
LogisticRegression,invariant,leave_one_corner_out,C_27C_1P0V,0.9,0.76,0.7333,0.7414
LinearSVM,invariant,leave_one_corner_out,C_27C_1P0V,0.9,0.7381,0.7333,0.7331
HistGradientBoosting,invariant,leave_one_corner_out,C_27C_1P0V,0.9667,0.9,0.9667,0.9152
NonML_Baseline,invariant,leave_one_corner_out,C_27C_1P0V,0.2333,0.5208,0.6034,0.2114
RandomForest,raw,leave_one_corner_out,C_27C_1P1V,0.9667,0.7714,0.8,0.7846
LogisticRegression,raw,leave_one_corner_out,C_27C_1P1V,0.8,0.7412,0.6333,0.6589
LinearSVM,raw,leave_one_corner_out,C_27C_1P1V,0.8,0.7333,0.6333,0.6533
HistGradientBoosting,raw,leave_one_corner_out,C_27C_1P1V,0.9667,0.9714,0.9667,0.9664
NonML_Baseline,raw,leave_one_corner_out,C_27C_1P1V,0.3333,0.5238,0.6552,0.2823
RandomForest,invariant,leave_one_corner_out,C_27C_1P1V,1.0,1.0,1.0,1.0
LogisticRegression,invariant,leave_one_corner_out,C_27C_1P1V,0.8667,0.75,0.7,0.7132
LinearSVM,invariant,leave_one_corner_out,C_27C_1P1V,0.8667,0.72,0.7,0.7051
HistGradientBoosting,invariant,leave_one_corner_out,C_27C_1P1V,1.0,1.0,1.0,1.0
NonML_Baseline,invariant,leave_one_corner_out,C_27C_1P1V,0.2667,0.5217,0.6207,0.2361
RandomForest,raw,leave_one_corner_out,C_75C_0P9V,0.9,0.7333,0.7667,0.7418
LogisticRegression,raw,leave_one_corner_out,C_75C_0P9V,0.8667,0.76,0.7,0.7111
LinearSVM,raw,leave_one_corner_out,C_75C_0P9V,0.8,0.7412,0.6333,0.6589
HistGradientBoosting,raw,leave_one_corner_out,C_75C_0P9V,0.9,0.7333,0.7667,0.7418
NonML_Baseline,raw,leave_one_corner_out,C_75C_0P9V,0.4333,0.5278,0.7069,0.3453
RandomForest,invariant,leave_one_corner_out,C_75C_0P9V,1.0,1.0,1.0,1.0
LogisticRegression,invariant,leave_one_corner_out,C_75C_0P9V,0.9333,0.7714,0.7667,0.7664
LinearSVM,invariant,leave_one_corner_out,C_75C_0P9V,0.9,0.7381,0.7333,0.7331
HistGradientBoosting,invariant,leave_one_corner_out,C_75C_0P9V,1.0,1.0,1.0,1.0
NonML_Baseline,invariant,leave_one_corner_out,C_75C_0P9V,0.2333,0.5208,0.6034,0.2114
RandomForest,raw,leave_one_corner_out,C_75C_1P0V,0.9,0.7333,0.7667,0.7418
LogisticRegression,raw,leave_one_corner_out,C_75C_1P0V,0.9,0.76,0.7333,0.7378
LinearSVM,raw,leave_one_corner_out,C_75C_1P0V,0.8667,0.75,0.7,0.7132
HistGradientBoosting,raw,leave_one_corner_out,C_75C_1P0V,0.9,0.7333,0.7667,0.7418
NonML_Baseline,raw,leave_one_corner_out,C_75C_1P0V,0.2667,0.5217,0.6207,0.2361
RandomForest,invariant,leave_one_corner_out,C_75C_1P0V,1.0,1.0,1.0,1.0
LogisticRegression,invariant,leave_one_corner_out,C_75C_1P0V,0.8333,0.7412,0.6667,0.6855
LinearSVM,invariant,leave_one_corner_out,C_75C_1P0V,0.8333,0.7412,0.6667,0.6855
HistGradientBoosting,invariant,leave_one_corner_out,C_75C_1P0V,1.0,1.0,1.0,1.0
NonML_Baseline,invariant,leave_one_corner_out,C_75C_1P0V,0.2,0.52,0.5862,0.1855
RandomForest,raw,leave_one_corner_out,C_75C_1P1V,0.9667,0.7714,0.8,0.7846
LogisticRegression,raw,leave_one_corner_out,C_75C_1P1V,0.8333,0.7412,0.6667,0.6855
LinearSVM,raw,leave_one_corner_out,C_75C_1P1V,0.8,0.7333,0.6333,0.6533
HistGradientBoosting,raw,leave_one_corner_out,C_75C_1P1V,0.9333,0.75,0.7667,0.7532
NonML_Baseline,raw,leave_one_corner_out,C_75C_1P1V,0.2667,0.5217,0.6207,0.2361
RandomForest,invariant,leave_one_corner_out,C_75C_1P1V,1.0,1.0,1.0,1.0
LogisticRegression,invariant,leave_one_corner_out,C_75C_1P1V,0.8667,0.75,0.7,0.7132
LinearSVM,invariant,leave_one_corner_out,C_75C_1P1V,0.8667,0.75,0.7,0.7132
HistGradientBoosting,invariant,leave_one_corner_out,C_75C_1P1V,1.0,1.0,1.0,1.0
NonML_Baseline,invariant,leave_one_corner_out,C_75C_1P1V,0.2,0.52,0.5862,0.1855
RandomForest,raw,leave_one_corner_out,C_M40C_0P9V,0.5,0.4571,0.5333,0.4489
LogisticRegression,raw,leave_one_corner_out,C_M40C_0P9V,0.5,0.381,0.4667,0.3842
LinearSVM,raw,leave_one_corner_out,C_M40C_0P9V,0.3667,0.2571,0.4,0.2889
HistGradientBoosting,raw,leave_one_corner_out,C_M40C_0P9V,0.4667,0.4571,0.5,0.4222
NonML_Baseline,raw,leave_one_corner_out,C_M40C_0P9V,0.4667,0.5294,0.7241,0.3651
RandomForest,invariant,leave_one_corner_out,C_M40C_0P9V,0.9667,0.9846,0.9667,0.9738
LogisticRegression,invariant,leave_one_corner_out,C_M40C_0P9V,0.7333,0.6433,0.6333,0.6166
LinearSVM,invariant,leave_one_corner_out,C_M40C_0P9V,0.7,0.58,0.5833,0.577
HistGradientBoosting,invariant,leave_one_corner_out,C_M40C_0P9V,0.9333,0.956,0.9333,0.9366
NonML_Baseline,invariant,leave_one_corner_out,C_M40C_0P9V,0.2,0.52,0.5862,0.1855
RandomForest,raw,leave_one_corner_out,C_M40C_1P0V,0.5667,0.5197,0.5,0.5004
LogisticRegression,raw,leave_one_corner_out,C_M40C_1P0V,0.5667,0.5815,0.4933,0.5044
LinearSVM,raw,leave_one_corner_out,C_M40C_1P0V,0.5,0.5389,0.4667,0.4762
HistGradientBoosting,raw,leave_one_corner_out,C_M40C_1P0V,0.5667,0.5786,0.6667,0.5629
NonML_Baseline,raw,leave_one_corner_out,C_M40C_1P0V,0.2667,0.5217,0.6207,0.2361
RandomForest,invariant,leave_one_corner_out,C_M40C_1P0V,0.9667,0.9846,0.9667,0.9738
LogisticRegression,invariant,leave_one_corner_out,C_M40C_1P0V,0.8,0.7,0.6667,0.6485
LinearSVM,invariant,leave_one_corner_out,C_M40C_1P0V,0.9,0.7333,0.7333,0.72
HistGradientBoosting,invariant,leave_one_corner_out,C_M40C_1P0V,1.0,1.0,1.0,1.0
NonML_Baseline,invariant,leave_one_corner_out,C_M40C_1P0V,0.2,0.52,0.5862,0.1855
RandomForest,raw,leave_one_corner_out,C_M40C_1P1V,0.9,0.7333,0.7667,0.7418
LogisticRegression,raw,leave_one_corner_out,C_M40C_1P1V,0.8667,0.75,0.7,0.7132
LinearSVM,raw,leave_one_corner_out,C_M40C_1P1V,0.8667,0.75,0.7,0.7132
HistGradientBoosting,raw,leave_one_corner_out,C_M40C_1P1V,0.8667,0.7333,0.7333,0.7236
NonML_Baseline,raw,leave_one_corner_out,C_M40C_1P1V,0.3,0.5227,0.6379,0.2597
RandomForest,invariant,leave_one_corner_out,C_M40C_1P1V,1.0,1.0,1.0,1.0
LogisticRegression,invariant,leave_one_corner_out,C_M40C_1P1V,0.7667,0.6923,0.6667,0.6463
LinearSVM,invariant,leave_one_corner_out,C_M40C_1P1V,0.8333,0.7091,0.7,0.683
HistGradientBoosting,invariant,leave_one_corner_out,C_M40C_1P1V,1.0,1.0,1.0,1.0
NonML_Baseline,invariant,leave_one_corner_out,C_M40C_1P1V,0.2333,0.5208,0.6034,0.2114
