feature,fault_class,cv_raw_pct,cv_inv_pct
Hold SNM,1,11.978021869978647,0.0
Hold SNM,2,,
Hold SNM,3,17.366670308145988,13.68813852002202
Hold SNM,4,15.061865183453923,4.610694459770735
Sense voltage dV_BL,1,31.99811586775647,4.5918909521961195
Sense voltage dV_BL,2,,
Sense voltage dV_BL,3,33.73065016399383,4.138575183431393
Sense voltage dV_BL,4,36.34213082155657,6.507183554403561
Standby leakage I_ddq,1,138.8902082184301,11.99542415708517
Standby leakage I_ddq,2,94.27864865845983,146.30143422972037
Standby leakage I_ddq,3,169.33966405760918,152.22680422123548
Standby leakage I_ddq,4,153.2305961148278,24.20614591379635
Write time t_write,1,12.52334342290367,2.7299525624417167
Write time t_write,2,0.0,12.77621392763106
Write time t_write,3,15.778641730750564,4.895475776506324
Write time t_write,4,17.842617833291097,5.273008288643569
