model,feature_set,mean,std,min,max
HistGradientBoosting,invariant,0.9888933333333333,0.020572501294782056,0.9333,1.0
HistGradientBoosting,raw,0.8288933333333334,0.17083127208977145,0.4667,1.0
LinearSVM,invariant,0.84222,0.07712794750098236,0.6333,0.9
LinearSVM,raw,0.7266733333333334,0.15746433367893944,0.3667,0.8667
LogisticRegression,invariant,0.8311133333333333,0.09297357433061032,0.6,0.9333
LogisticRegression,raw,0.7689,0.15658728282608755,0.4,0.9
NonML_Baseline,invariant,0.21555333333333335,0.027792133179492834,0.1667,0.2667
NonML_Baseline,raw,0.33333999999999997,0.08261116147349581,0.2333,0.4667
RandomForest,invariant,0.9889,0.016248736214593083,0.9667,1.0
RandomForest,raw,0.8266733333333334,0.16045253622474276,0.5,0.9667
