feature,display_name,global_importance,class_0_importance,class_1_importance,class_2_importance,class_3_importance,class_4_importance
dv_bl_norm,Normalized Bitline Swing (dv_bl_norm),0.07860601560607702,0.03320515278507415,0.15560230628414914,0.04392088349299271,0.06468959802764368,0.09561213744052538
t_write_norm,Normalized Write Delay (t_write_norm),0.07369544711576267,0.03812621243043026,0.08616417494611021,0.08287764646219731,0.100115808790932,0.06119339294914354
snm_read_norm,Normalized Read SNM (snm_read_norm),0.046231694694744134,0.006649588566121243,0.09992957214433351,0.002077942838217436,0.024393069861307563,0.09810830006374091
iddq_norm,Normalized IDDQ (iddq_norm),0.03060126347534773,0.005281041661913114,0.03865926214987185,0.00753816295534508,0.0693636454807172,0.03216420512889141
snm_hold_norm,Normalized Hold SNM (snm_hold_norm),0.029417462017720476,0.003984914877948218,0.034699589760860024,0.02597855024020473,0.05060819790087754,0.03181605730871188
dv_bl_vdd_ratio,Sense Swing / VDD Ratio,0.0248415864783106,0.003424295131745036,0.028203293110059344,0.05865597253549227,0.018878266201175616,0.015046105413080721
snm_ratio,Read/Hold SNM Ratio,0.019751426364994558,0.0034998706407585235,0.02440539940763088,0.0027766360218532985,0.028401144527285812,0.03967408122744426
hold_pass,Hold Retention Pass Flag,0.013829739172063182,0.004008497512537997,0.013831590415387262,0.030620653750310475,0.01015904914366571,0.010528905038414475
read_write_delay_ratio,Read/Write Delay Ratio,0.013658143661770743,0.0020060998631332583,0.032357068137665625,0.00033307035105939773,0.011162756522532303,0.02243172343446314
write_pass,Write Functional Pass Flag,0.008386036412454088,0.0034843038452020626,0.01158976204391997,0.01688982067107623,0.004288813080152615,0.005677482421919567
read_stable_pass,Read Stability Pass Flag,0.004920563356187275,0.00045654954184822405,0.00404829175992028,0.00927376089578548,0.004457109423590619,0.006367105159791775
is_bistable,Bistability Flag,0.0026039729127738673,0.0003110256615815614,0.0057654143725948,0.0,0.0009980941885970628,0.005945330341095913
