dataset,model,feature_set,protocol,corner,test_rows,healthy_test_rows,accuracy,precision,recall,f1
clean_main_428,RandomForest,raw,leave_one_corner_out,C_0C_0P9V,30,1,0.5666666666666667,0.4,0.6,0.46428571428571425
clean_main_428,LogisticRegression,raw,leave_one_corner_out,C_0C_0P9V,30,1,0.4,0.44000000000000006,0.4333333333333333,0.3948717948717949
clean_main_428,HistGradientBoosting,raw,leave_one_corner_out,C_0C_0P9V,30,1,0.7333333333333333,0.6833333333333333,0.6666666666666667,0.6444444444444445
clean_main_428,NonML_Baseline,raw,leave_one_corner_out,C_0C_0P9V,30,1,0.4666666666666667,0.5294117647058824,0.7241379310344828,0.3650793650793651
clean_main_428,RandomForest,invariant,leave_one_corner_out,C_0C_0P9V,30,1,1.0,1.0,1.0,1.0
clean_main_428,LogisticRegression,invariant,leave_one_corner_out,C_0C_0P9V,30,1,0.6666666666666666,0.675,0.6166666666666667,0.5867379679144384
clean_main_428,HistGradientBoosting,invariant,leave_one_corner_out,C_0C_0P9V,30,1,1.0,1.0,1.0,1.0
clean_main_428,NonML_Baseline,invariant,leave_one_corner_out,C_0C_0P9V,30,1,0.2,0.52,0.5862068965517242,0.18552036199095023
clean_main_428,RandomForest,raw,leave_one_corner_out,C_0C_1P0V,28,0,0.9285714285714286,0.9375,0.9583333333333334,0.9415584415584416
clean_main_428,LogisticRegression,raw,leave_one_corner_out,C_0C_1P0V,28,0,0.7142857142857143,0.8125,0.775,0.7541666666666667
clean_main_428,HistGradientBoosting,raw,leave_one_corner_out,C_0C_1P0V,28,0,0.9285714285714286,0.9375,0.9583333333333334,0.9415584415584416
clean_main_428,NonML_Baseline,raw,leave_one_corner_out,C_0C_1P0V,28,0,0.25,0.5,0.125,0.2
clean_main_428,RandomForest,invariant,leave_one_corner_out,C_0C_1P0V,28,0,1.0,1.0,1.0,1.0
clean_main_428,LogisticRegression,invariant,leave_one_corner_out,C_0C_1P0V,28,0,0.9642857142857143,0.9807692307692308,0.95,0.9622222222222222
clean_main_428,HistGradientBoosting,invariant,leave_one_corner_out,C_0C_1P0V,28,0,1.0,1.0,1.0,1.0
clean_main_428,NonML_Baseline,invariant,leave_one_corner_out,C_0C_1P0V,28,0,0.17857142857142858,0.5,0.08928571428571429,0.15151515151515152
clean_main_428,RandomForest,raw,leave_one_corner_out,C_0C_1P1V,30,1,0.9666666666666667,0.7714285714285715,0.8,0.7846153846153847
clean_main_428,LogisticRegression,raw,leave_one_corner_out,C_0C_1P1V,30,1,0.8,0.7333333333333333,0.6333333333333334,0.6418181818181818
clean_main_428,HistGradientBoosting,raw,leave_one_corner_out,C_0C_1P1V,30,1,0.9666666666666667,0.7846153846153847,0.8,0.792
clean_main_428,NonML_Baseline,raw,leave_one_corner_out,C_0C_1P1V,30,1,0.26666666666666666,0.5217391304347826,0.6206896551724138,0.2361111111111111
clean_main_428,RandomForest,invariant,leave_one_corner_out,C_0C_1P1V,30,1,1.0,1.0,1.0,1.0
clean_main_428,LogisticRegression,invariant,leave_one_corner_out,C_0C_1P1V,30,1,0.9333333333333333,0.7714285714285715,0.7666666666666667,0.7664335664335665
clean_main_428,HistGradientBoosting,invariant,leave_one_corner_out,C_0C_1P1V,30,1,1.0,1.0,1.0,1.0
clean_main_428,NonML_Baseline,invariant,leave_one_corner_out,C_0C_1P1V,30,1,0.2,0.52,0.5862068965517242,0.18552036199095023
clean_main_428,RandomForest,raw,leave_one_corner_out,C_125C_0P9V,27,0,0.8518518518518519,0.8712121212121212,0.8712121212121212,0.8712121212121212
clean_main_428,LogisticRegression,raw,leave_one_corner_out,C_125C_0P9V,27,0,0.8888888888888888,0.9464285714285714,0.875,0.8866666666666666
clean_main_428,HistGradientBoosting,raw,leave_one_corner_out,C_125C_0P9V,27,0,0.8148148148148148,0.75,0.6636363636363637,0.6898550724637681
clean_main_428,NonML_Baseline,raw,leave_one_corner_out,C_125C_0P9V,27,0,0.3333333333333333,0.5,0.16666666666666666,0.25
clean_main_428,RandomForest,invariant,leave_one_corner_out,C_125C_0P9V,27,0,1.0,1.0,1.0,1.0
clean_main_428,LogisticRegression,invariant,leave_one_corner_out,C_125C_0P9V,27,0,0.9629629629629629,0.9791666666666666,0.9583333333333334,0.9664031620553359
clean_main_428,HistGradientBoosting,invariant,leave_one_corner_out,C_125C_0P9V,27,0,1.0,1.0,1.0,1.0
clean_main_428,NonML_Baseline,invariant,leave_one_corner_out,C_125C_0P9V,27,0,0.18518518518518517,0.5,0.09259259259259259,0.15625
clean_main_428,RandomForest,raw,leave_one_corner_out,C_125C_1P0V,27,1,0.8888888888888888,0.7228571428571429,0.7333333333333334,0.7251380198748619
clean_main_428,LogisticRegression,raw,leave_one_corner_out,C_125C_1P0V,27,1,0.8518518518518519,0.7214285714285714,0.7,0.6893772893772894
clean_main_428,HistGradientBoosting,raw,leave_one_corner_out,C_125C_1P0V,27,1,0.9629629629629629,0.9800000000000001,0.9666666666666666,0.971291866028708
clean_main_428,NonML_Baseline,raw,leave_one_corner_out,C_125C_1P0V,27,1,0.25925925925925924,0.5238095238095238,0.6153846153846154,0.23295454545454547
clean_main_428,RandomForest,invariant,leave_one_corner_out,C_125C_1P0V,27,1,1.0,1.0,1.0,1.0
clean_main_428,LogisticRegression,invariant,leave_one_corner_out,C_125C_1P0V,27,1,0.8888888888888888,0.75,0.7333333333333334,0.7350649350649351
clean_main_428,HistGradientBoosting,invariant,leave_one_corner_out,C_125C_1P0V,27,1,1.0,1.0,1.0,1.0
clean_main_428,NonML_Baseline,invariant,leave_one_corner_out,C_125C_1P0V,27,1,0.2222222222222222,0.5227272727272727,0.5961538461538461,0.20476858345021037
clean_main_428,RandomForest,raw,leave_one_corner_out,C_125C_1P1V,29,1,0.9310344827586207,0.75,0.7666666666666667,0.7532467532467533
clean_main_428,LogisticRegression,raw,leave_one_corner_out,C_125C_1P1V,29,1,0.8620689655172413,0.7285714285714285,0.7,0.6939487179487179
clean_main_428,HistGradientBoosting,raw,leave_one_corner_out,C_125C_1P1V,29,1,0.9655172413793104,0.9,0.9666666666666668,0.9151515151515153
clean_main_428,NonML_Baseline,raw,leave_one_corner_out,C_125C_1P1V,29,1,0.27586206896551724,0.5227272727272727,0.625,0.24347826086956523
clean_main_428,RandomForest,invariant,leave_one_corner_out,C_125C_1P1V,29,1,1.0,1.0,1.0,1.0
clean_main_428,LogisticRegression,invariant,leave_one_corner_out,C_125C_1P1V,29,1,0.8275862068965517,0.7375,0.6666666666666666,0.6829629629629629
clean_main_428,HistGradientBoosting,invariant,leave_one_corner_out,C_125C_1P1V,29,1,1.0,1.0,1.0,1.0
clean_main_428,NonML_Baseline,invariant,leave_one_corner_out,C_125C_1P1V,29,1,0.20689655172413793,0.5208333333333334,0.5892857142857143,0.19151515151515153
clean_main_428,RandomForest,raw,leave_one_corner_out,C_27C_0P9V,29,1,0.7241379310344828,0.6857142857142857,0.6727272727272727,0.6266666666666667
clean_main_428,LogisticRegression,raw,leave_one_corner_out,C_27C_0P9V,29,1,0.8620689655172413,0.7466666666666667,0.7,0.7025641025641025
clean_main_428,HistGradientBoosting,raw,leave_one_corner_out,C_27C_0P9V,29,1,0.9655172413793104,0.9714285714285713,0.9818181818181818,0.9750915750915752
clean_main_428,NonML_Baseline,raw,leave_one_corner_out,C_27C_0P9V,29,1,0.4827586206896552,0.53125,0.7321428571428572,0.37589670014347204
clean_main_428,RandomForest,invariant,leave_one_corner_out,C_27C_0P9V,29,1,1.0,1.0,1.0,1.0
clean_main_428,LogisticRegression,invariant,leave_one_corner_out,C_27C_0P9V,29,1,0.9655172413793104,0.7833333333333333,0.8,0.7913043478260869
clean_main_428,HistGradientBoosting,invariant,leave_one_corner_out,C_27C_0P9V,29,1,1.0,1.0,1.0,1.0
clean_main_428,NonML_Baseline,invariant,leave_one_corner_out,C_27C_0P9V,29,1,0.20689655172413793,0.5208333333333334,0.5892857142857143,0.19151515151515153
clean_main_428,RandomForest,raw,leave_one_corner_out,C_27C_1P0V,28,1,0.9285714285714286,0.7714285714285715,0.7666666666666667,0.7664335664335664
clean_main_428,LogisticRegression,raw,leave_one_corner_out,C_27C_1P0V,28,1,0.8928571428571429,0.76,0.7333333333333333,0.7377777777777779
clean_main_428,HistGradientBoosting,raw,leave_one_corner_out,C_27C_1P0V,28,1,0.9285714285714286,0.7714285714285715,0.7666666666666667,0.7664335664335664
clean_main_428,NonML_Baseline,raw,leave_one_corner_out,C_27C_1P0V,28,1,0.25,0.5227272727272727,0.6111111111111112,0.22529644268774704
clean_main_428,RandomForest,invariant,leave_one_corner_out,C_27C_1P0V,28,1,1.0,1.0,1.0,1.0
clean_main_428,LogisticRegression,invariant,leave_one_corner_out,C_27C_1P0V,28,1,0.8928571428571429,0.76,0.7266666666666668,0.7373737373737373
clean_main_428,HistGradientBoosting,invariant,leave_one_corner_out,C_27C_1P0V,28,1,1.0,1.0,1.0,1.0
clean_main_428,NonML_Baseline,invariant,leave_one_corner_out,C_27C_1P0V,28,1,0.17857142857142858,0.5208333333333334,0.5740740740740741,0.16903225806451613
clean_main_428,RandomForest,raw,leave_one_corner_out,C_27C_1P1V,28,1,1.0,1.0,1.0,1.0
clean_main_428,LogisticRegression,raw,leave_one_corner_out,C_27C_1P1V,28,1,0.8214285714285714,0.7411764705882353,0.6333333333333333,0.6588505747126436
clean_main_428,HistGradientBoosting,raw,leave_one_corner_out,C_27C_1P1V,28,1,1.0,1.0,1.0,1.0
clean_main_428,NonML_Baseline,raw,leave_one_corner_out,C_27C_1P1V,28,1,0.2857142857142857,0.5238095238095238,0.6296296296296297,0.25133689839572193
clean_main_428,RandomForest,invariant,leave_one_corner_out,C_27C_1P1V,28,1,1.0,1.0,1.0,1.0
clean_main_428,LogisticRegression,invariant,leave_one_corner_out,C_27C_1P1V,28,1,0.9285714285714286,0.7714285714285715,0.7666666666666667,0.7664335664335665
clean_main_428,HistGradientBoosting,invariant,leave_one_corner_out,C_27C_1P1V,28,1,1.0,1.0,1.0,1.0
clean_main_428,NonML_Baseline,invariant,leave_one_corner_out,C_27C_1P1V,28,1,0.21428571428571427,0.5217391304347826,0.5925925925925926,0.19791666666666666
clean_main_428,RandomForest,raw,leave_one_corner_out,C_75C_0P9V,28,1,0.8928571428571429,0.725,0.7636363636363637,0.7338461538461538
clean_main_428,LogisticRegression,raw,leave_one_corner_out,C_75C_0P9V,28,1,0.8928571428571429,0.7571428571428571,0.72,0.726
clean_main_428,HistGradientBoosting,raw,leave_one_corner_out,C_75C_0P9V,28,1,0.8928571428571429,0.725,0.7636363636363637,0.7338461538461538
clean_main_428,NonML_Baseline,raw,leave_one_corner_out,C_75C_0P9V,28,1,0.39285714285714285,0.5277777777777778,0.6851851851851851,0.3229018492176387
clean_main_428,RandomForest,invariant,leave_one_corner_out,C_75C_0P9V,28,1,1.0,1.0,1.0,1.0
clean_main_428,LogisticRegression,invariant,leave_one_corner_out,C_75C_0P9V,28,1,0.9285714285714286,0.7692307692307693,0.7666666666666667,0.7651515151515151
clean_main_428,HistGradientBoosting,invariant,leave_one_corner_out,C_75C_0P9V,28,1,1.0,1.0,1.0,1.0
clean_main_428,NonML_Baseline,invariant,leave_one_corner_out,C_75C_0P9V,28,1,0.21428571428571427,0.5217391304347826,0.5925925925925926,0.19791666666666666
clean_main_428,RandomForest,raw,leave_one_corner_out,C_75C_1P0V,28,1,0.8928571428571429,0.725,0.7666666666666667,0.7356643356643356
clean_main_428,LogisticRegression,raw,leave_one_corner_out,C_75C_1P0V,28,1,0.8928571428571429,0.76,0.72,0.7277777777777777
clean_main_428,HistGradientBoosting,raw,leave_one_corner_out,C_75C_1P0V,28,1,0.8928571428571429,0.7142857142857143,0.7666666666666667,0.7331002331002332
clean_main_428,NonML_Baseline,raw,leave_one_corner_out,C_75C_1P0V,28,1,0.25,0.5227272727272727,0.6111111111111112,0.22529644268774704
clean_main_428,RandomForest,invariant,leave_one_corner_out,C_75C_1P0V,28,1,1.0,1.0,1.0,1.0
clean_main_428,LogisticRegression,invariant,leave_one_corner_out,C_75C_1P0V,28,1,0.8571428571428571,0.75,0.6933333333333334,0.7092063492063493
clean_main_428,HistGradientBoosting,invariant,leave_one_corner_out,C_75C_1P0V,28,1,1.0,1.0,1.0,1.0
clean_main_428,NonML_Baseline,invariant,leave_one_corner_out,C_75C_1P0V,28,1,0.17857142857142858,0.5208333333333334,0.5740740740740741,0.16903225806451613
clean_main_428,RandomForest,raw,leave_one_corner_out,C_75C_1P1V,30,1,0.9666666666666667,0.7714285714285715,0.8,0.7846153846153847
clean_main_428,LogisticRegression,raw,leave_one_corner_out,C_75C_1P1V,30,1,0.8,0.7333333333333333,0.6333333333333333,0.6533333333333333
clean_main_428,HistGradientBoosting,raw,leave_one_corner_out,C_75C_1P1V,30,1,0.9666666666666667,0.7714285714285715,0.8,0.7846153846153847
clean_main_428,NonML_Baseline,raw,leave_one_corner_out,C_75C_1P1V,30,1,0.26666666666666666,0.5217391304347826,0.6206896551724138,0.2361111111111111
clean_main_428,RandomForest,invariant,leave_one_corner_out,C_75C_1P1V,30,1,1.0,1.0,1.0,1.0
clean_main_428,LogisticRegression,invariant,leave_one_corner_out,C_75C_1P1V,30,1,0.9,0.76,0.7333333333333334,0.7414141414141414
clean_main_428,HistGradientBoosting,invariant,leave_one_corner_out,C_75C_1P1V,30,1,1.0,1.0,1.0,1.0
clean_main_428,NonML_Baseline,invariant,leave_one_corner_out,C_75C_1P1V,30,1,0.2,0.52,0.5862068965517242,0.18552036199095023
clean_main_428,RandomForest,raw,leave_one_corner_out,C_M40C_0P9V,29,1,0.5172413793103449,0.45999999999999996,0.5599999999999999,0.4700854700854701
clean_main_428,LogisticRegression,raw,leave_one_corner_out,C_M40C_0P9V,29,1,0.5172413793103449,0.39999999999999997,0.4666666666666666,0.3888888888888889
clean_main_428,HistGradientBoosting,raw,leave_one_corner_out,C_M40C_0P9V,29,1,0.4827586206896552,0.45999999999999996,0.52,0.44230769230769235
clean_main_428,NonML_Baseline,raw,leave_one_corner_out,C_M40C_0P9V,29,1,0.5172413793103449,0.5333333333333333,0.75,0.3958333333333333
clean_main_428,RandomForest,invariant,leave_one_corner_out,C_M40C_0P9V,29,1,1.0,1.0,1.0,1.0
clean_main_428,LogisticRegression,invariant,leave_one_corner_out,C_M40C_0P9V,29,1,0.7586206896551724,0.6833333333333333,0.6666666666666666,0.6376470588235295
clean_main_428,HistGradientBoosting,invariant,leave_one_corner_out,C_M40C_0P9V,29,1,0.9310344827586207,0.95,0.9199999999999999,0.9214285714285714
clean_main_428,NonML_Baseline,invariant,leave_one_corner_out,C_M40C_0P9V,29,1,0.20689655172413793,0.5208333333333334,0.5892857142857143,0.19151515151515153
clean_main_428,RandomForest,raw,leave_one_corner_out,C_M40C_1P0V,28,1,0.5714285714285714,0.5433333333333333,0.5133333333333333,0.5066666666666666
clean_main_428,LogisticRegression,raw,leave_one_corner_out,C_M40C_1P0V,28,1,0.5357142857142857,0.5615384615384615,0.47333333333333333,0.4842105263157895
clean_main_428,HistGradientBoosting,raw,leave_one_corner_out,C_M40C_1P0V,28,1,0.4642857142857143,0.5222222222222223,0.6066666666666667,0.4959307359307359
clean_main_428,NonML_Baseline,raw,leave_one_corner_out,C_M40C_1P0V,28,1,0.25,0.5227272727272727,0.6111111111111112,0.22529644268774704
clean_main_428,RandomForest,invariant,leave_one_corner_out,C_M40C_1P0V,28,1,1.0,1.0,1.0,1.0
clean_main_428,LogisticRegression,invariant,leave_one_corner_out,C_M40C_1P0V,28,1,0.8928571428571429,0.7333333333333333,0.7333333333333333,0.72
clean_main_428,HistGradientBoosting,invariant,leave_one_corner_out,C_M40C_1P0V,28,1,1.0,1.0,1.0,1.0
clean_main_428,NonML_Baseline,invariant,leave_one_corner_out,C_M40C_1P0V,28,1,0.21428571428571427,0.5217391304347826,0.5925925925925926,0.19791666666666666
clean_main_428,RandomForest,raw,leave_one_corner_out,C_M40C_1P1V,29,1,0.896551724137931,0.725,0.7666666666666667,0.7356643356643356
clean_main_428,LogisticRegression,raw,leave_one_corner_out,C_M40C_1P1V,29,1,0.8620689655172413,0.75,0.6866666666666668,0.7032467532467532
clean_main_428,HistGradientBoosting,raw,leave_one_corner_out,C_M40C_1P1V,29,1,0.8620689655172413,0.725,0.7333333333333334,0.7174825174825175
clean_main_428,NonML_Baseline,raw,leave_one_corner_out,C_M40C_1P1V,29,1,0.27586206896551724,0.5227272727272727,0.625,0.24347826086956523
clean_main_428,RandomForest,invariant,leave_one_corner_out,C_M40C_1P1V,29,1,1.0,1.0,1.0,1.0
clean_main_428,LogisticRegression,invariant,leave_one_corner_out,C_M40C_1P1V,29,1,0.8275862068965517,0.7,0.7166666666666667,0.6865800865800866
clean_main_428,HistGradientBoosting,invariant,leave_one_corner_out,C_M40C_1P1V,29,1,1.0,1.0,1.0,1.0
clean_main_428,NonML_Baseline,invariant,leave_one_corner_out,C_M40C_1P1V,29,1,0.20689655172413793,0.5208333333333334,0.5892857142857143,0.19151515151515153
clean_strict_302,RandomForest,raw,leave_one_corner_out,C_0C_0P9V,2,0,1.0,1.0,1.0,1.0
clean_strict_302,LogisticRegression,raw,leave_one_corner_out,C_0C_0P9V,2,0,0.5,0.5,0.25,0.3333333333333333
clean_strict_302,HistGradientBoosting,raw,leave_one_corner_out,C_0C_0P9V,2,0,0.5,0.5,0.25,0.3333333333333333
clean_strict_302,NonML_Baseline,raw,leave_one_corner_out,C_0C_0P9V,2,0,0.0,0.0,0.0,0.0
clean_strict_302,RandomForest,invariant,leave_one_corner_out,C_0C_0P9V,2,0,1.0,1.0,1.0,1.0
clean_strict_302,LogisticRegression,invariant,leave_one_corner_out,C_0C_0P9V,2,0,1.0,1.0,1.0,1.0
clean_strict_302,HistGradientBoosting,invariant,leave_one_corner_out,C_0C_0P9V,2,0,1.0,1.0,1.0,1.0
clean_strict_302,NonML_Baseline,invariant,leave_one_corner_out,C_0C_0P9V,2,0,0.0,0.0,0.0,0.0
clean_strict_302,RandomForest,raw,leave_one_corner_out,C_0C_1P0V,20,0,0.9,0.9166666666666666,0.9444444444444445,0.9220779220779222
clean_strict_302,LogisticRegression,raw,leave_one_corner_out,C_0C_1P0V,20,0,0.95,0.9743589743589745,0.9444444444444445,0.9563636363636364
clean_strict_302,HistGradientBoosting,raw,leave_one_corner_out,C_0C_1P0V,20,0,0.9,0.9166666666666666,0.9444444444444445,0.9220779220779222
clean_strict_302,NonML_Baseline,raw,leave_one_corner_out,C_0C_1P0V,20,0,0.2,0.5,0.1,0.16666666666666666
clean_strict_302,RandomForest,invariant,leave_one_corner_out,C_0C_1P0V,20,0,1.0,1.0,1.0,1.0
clean_strict_302,LogisticRegression,invariant,leave_one_corner_out,C_0C_1P0V,20,0,1.0,1.0,1.0,1.0
clean_strict_302,HistGradientBoosting,invariant,leave_one_corner_out,C_0C_1P0V,20,0,1.0,1.0,1.0,1.0
clean_strict_302,NonML_Baseline,invariant,leave_one_corner_out,C_0C_1P0V,20,0,0.0,0.0,0.0,0.0
clean_strict_302,RandomForest,raw,leave_one_corner_out,C_0C_1P1V,23,1,0.9565217391304348,0.7307692307692308,0.75,0.74
clean_strict_302,LogisticRegression,raw,leave_one_corner_out,C_0C_1P1V,23,1,0.8695652173913043,0.7,0.6458333333333334,0.6637806637806638
clean_strict_302,HistGradientBoosting,raw,leave_one_corner_out,C_0C_1P1V,23,1,1.0,1.0,1.0,1.0
clean_strict_302,NonML_Baseline,raw,leave_one_corner_out,C_0C_1P1V,23,1,0.13043478260869565,0.5238095238095238,0.5454545454545454,0.12878787878787878
clean_strict_302,RandomForest,invariant,leave_one_corner_out,C_0C_1P1V,23,1,1.0,1.0,1.0,1.0
clean_strict_302,LogisticRegression,invariant,leave_one_corner_out,C_0C_1P1V,23,1,0.9565217391304348,0.7307692307692308,0.75,0.74
clean_strict_302,HistGradientBoosting,invariant,leave_one_corner_out,C_0C_1P1V,23,1,1.0,1.0,1.0,1.0
clean_strict_302,NonML_Baseline,invariant,leave_one_corner_out,C_0C_1P1V,23,1,0.043478260869565216,0.021739130434782608,0.5,0.041666666666666664
clean_strict_302,RandomForest,raw,leave_one_corner_out,C_125C_0P9V,22,0,0.8181818181818182,0.8282828282828283,0.8282828282828283,0.8282828282828283
clean_strict_302,LogisticRegression,raw,leave_one_corner_out,C_125C_0P9V,22,0,0.9545454545454546,0.9722222222222222,0.9444444444444445,0.9552042160737813
clean_strict_302,HistGradientBoosting,raw,leave_one_corner_out,C_125C_0P9V,22,0,0.8181818181818182,0.8441558441558442,0.8282828282828283,0.8171717171717172
clean_strict_302,NonML_Baseline,raw,leave_one_corner_out,C_125C_0P9V,22,0,0.2727272727272727,0.5,0.13636363636363635,0.21428571428571427
clean_strict_302,RandomForest,invariant,leave_one_corner_out,C_125C_0P9V,22,0,1.0,1.0,1.0,1.0
clean_strict_302,LogisticRegression,invariant,leave_one_corner_out,C_125C_0P9V,22,0,1.0,1.0,1.0,1.0
clean_strict_302,HistGradientBoosting,invariant,leave_one_corner_out,C_125C_0P9V,22,0,1.0,1.0,1.0,1.0
clean_strict_302,NonML_Baseline,invariant,leave_one_corner_out,C_125C_0P9V,22,0,0.0,0.0,0.0,0.0
clean_strict_302,RandomForest,raw,leave_one_corner_out,C_125C_1P0V,22,1,0.8636363636363636,0.6535714285714286,0.6666666666666667,0.6564225248435774
clean_strict_302,LogisticRegression,raw,leave_one_corner_out,C_125C_1P0V,22,1,0.8636363636363636,0.6875,0.6666666666666666,0.6642857142857144
clean_strict_302,HistGradientBoosting,raw,leave_one_corner_out,C_125C_1P0V,22,1,1.0,1.0,1.0,1.0
clean_strict_302,NonML_Baseline,raw,leave_one_corner_out,C_125C_1P0V,22,1,0.09090909090909091,0.5238095238095238,0.5238095238095238,0.09090909090909091
clean_strict_302,RandomForest,invariant,leave_one_corner_out,C_125C_1P0V,22,1,1.0,1.0,1.0,1.0
clean_strict_302,LogisticRegression,invariant,leave_one_corner_out,C_125C_1P0V,22,1,0.9545454545454546,0.725,0.75,0.7368421052631579
clean_strict_302,HistGradientBoosting,invariant,leave_one_corner_out,C_125C_1P0V,22,1,1.0,1.0,1.0,1.0
clean_strict_302,NonML_Baseline,invariant,leave_one_corner_out,C_125C_1P0V,22,1,0.045454545454545456,0.022727272727272728,0.5,0.043478260869565216
clean_strict_302,RandomForest,raw,leave_one_corner_out,C_125C_1P1V,24,1,0.9166666666666666,0.6875,0.7083333333333334,0.6915584415584416
clean_strict_302,LogisticRegression,raw,leave_one_corner_out,C_125C_1P1V,24,1,0.8333333333333334,0.6607142857142857,0.625,0.6174358974358974
clean_strict_302,HistGradientBoosting,raw,leave_one_corner_out,C_125C_1P1V,24,1,0.9166666666666666,0.8333333333333333,0.9166666666666667,0.8295454545454546
clean_strict_302,NonML_Baseline,raw,leave_one_corner_out,C_125C_1P1V,24,1,0.125,0.5227272727272727,0.5434782608695652,0.12347826086956522
clean_strict_302,RandomForest,invariant,leave_one_corner_out,C_125C_1P1V,24,1,1.0,1.0,1.0,1.0
clean_strict_302,LogisticRegression,invariant,leave_one_corner_out,C_125C_1P1V,24,1,0.9166666666666666,0.7115384615384616,0.7083333333333334,0.7064393939393939
clean_strict_302,HistGradientBoosting,invariant,leave_one_corner_out,C_125C_1P1V,24,1,1.0,1.0,1.0,1.0
clean_strict_302,NonML_Baseline,invariant,leave_one_corner_out,C_125C_1P1V,24,1,0.041666666666666664,0.020833333333333332,0.5,0.04
clean_strict_302,RandomForest,raw,leave_one_corner_out,C_27C_0P9V,21,1,0.6190476190476191,0.6071428571428571,0.5909090909090909,0.5333333333333333
clean_strict_302,LogisticRegression,raw,leave_one_corner_out,C_27C_0P9V,21,1,0.7619047619047619,0.5795454545454546,0.6212121212121212,0.5712121212121213
clean_strict_302,HistGradientBoosting,raw,leave_one_corner_out,C_27C_0P9V,21,1,0.9523809523809523,0.7291666666666666,0.75,0.7391304347826086
clean_strict_302,NonML_Baseline,raw,leave_one_corner_out,C_27C_0P9V,21,1,0.5238095238095238,0.5454545454545454,0.75,0.41666666666666663
clean_strict_302,RandomForest,invariant,leave_one_corner_out,C_27C_0P9V,21,1,1.0,1.0,1.0,1.0
clean_strict_302,LogisticRegression,invariant,leave_one_corner_out,C_27C_0P9V,21,1,0.9523809523809523,0.7291666666666666,0.75,0.7391304347826086
clean_strict_302,HistGradientBoosting,invariant,leave_one_corner_out,C_27C_0P9V,21,1,1.0,1.0,1.0,1.0
clean_strict_302,NonML_Baseline,invariant,leave_one_corner_out,C_27C_0P9V,21,1,0.047619047619047616,0.023809523809523808,0.5,0.045454545454545456
clean_strict_302,RandomForest,raw,leave_one_corner_out,C_27C_1P0V,22,1,0.8636363636363636,0.7,0.6375,0.6587301587301587
clean_strict_302,LogisticRegression,raw,leave_one_corner_out,C_27C_1P0V,22,1,0.9090909090909091,0.7142857142857143,0.7,0.7029914529914529
clean_strict_302,HistGradientBoosting,raw,leave_one_corner_out,C_27C_1P0V,22,1,0.8636363636363636,0.7,0.625,0.6388888888888888
clean_strict_302,NonML_Baseline,raw,leave_one_corner_out,C_27C_1P0V,22,1,0.13636363636363635,0.525,0.5476190476190477,0.13457556935817805
clean_strict_302,RandomForest,invariant,leave_one_corner_out,C_27C_1P0V,22,1,1.0,1.0,1.0,1.0
clean_strict_302,LogisticRegression,invariant,leave_one_corner_out,C_27C_1P0V,22,1,0.9090909090909091,0.7142857142857143,0.6875,0.695054945054945
clean_strict_302,HistGradientBoosting,invariant,leave_one_corner_out,C_27C_1P0V,22,1,1.0,1.0,1.0,1.0
clean_strict_302,NonML_Baseline,invariant,leave_one_corner_out,C_27C_1P0V,22,1,0.045454545454545456,0.022727272727272728,0.5,0.043478260869565216
clean_strict_302,RandomForest,raw,leave_one_corner_out,C_27C_1P1V,21,1,1.0,1.0,1.0,1.0
clean_strict_302,LogisticRegression,raw,leave_one_corner_out,C_27C_1P1V,21,1,0.9047619047619048,0.7142857142857143,0.7083333333333334,0.708041958041958
clean_strict_302,HistGradientBoosting,raw,leave_one_corner_out,C_27C_1P1V,21,1,1.0,1.0,1.0,1.0
clean_strict_302,NonML_Baseline,raw,leave_one_corner_out,C_27C_1P1V,21,1,0.14285714285714285,0.5263157894736842,0.55,0.14090909090909093
clean_strict_302,RandomForest,invariant,leave_one_corner_out,C_27C_1P1V,21,1,1.0,1.0,1.0,1.0
clean_strict_302,LogisticRegression,invariant,leave_one_corner_out,C_27C_1P1V,21,1,0.9523809523809523,0.7307692307692308,0.75,0.74
clean_strict_302,HistGradientBoosting,invariant,leave_one_corner_out,C_27C_1P1V,21,1,1.0,1.0,1.0,1.0
clean_strict_302,NonML_Baseline,invariant,leave_one_corner_out,C_27C_1P1V,21,1,0.047619047619047616,0.023809523809523808,0.5,0.045454545454545456
clean_strict_302,RandomForest,raw,leave_one_corner_out,C_75C_0P9V,23,1,0.8695652173913043,0.65625,0.7045454545454546,0.6673076923076923
clean_strict_302,LogisticRegression,raw,leave_one_corner_out,C_75C_0P9V,23,1,0.9565217391304348,0.7291666666666666,0.75,0.7391304347826086
clean_strict_302,HistGradientBoosting,raw,leave_one_corner_out,C_75C_0P9V,23,1,0.5217391304347826,0.578125,0.5227272727272727,0.4107142857142857
clean_strict_302,NonML_Baseline,raw,leave_one_corner_out,C_75C_0P9V,23,1,0.30434782608695654,0.5294117647058824,0.6363636363636364,0.2698412698412698
clean_strict_302,RandomForest,invariant,leave_one_corner_out,C_75C_0P9V,23,1,1.0,1.0,1.0,1.0
clean_strict_302,LogisticRegression,invariant,leave_one_corner_out,C_75C_0P9V,23,1,0.9565217391304348,0.7291666666666666,0.75,0.7391304347826086
clean_strict_302,HistGradientBoosting,invariant,leave_one_corner_out,C_75C_0P9V,23,1,1.0,1.0,1.0,1.0
clean_strict_302,NonML_Baseline,invariant,leave_one_corner_out,C_75C_0P9V,23,1,0.043478260869565216,0.021739130434782608,0.5,0.041666666666666664
clean_strict_302,RandomForest,raw,leave_one_corner_out,C_75C_1P0V,24,1,0.875,0.65625,0.7083333333333334,0.6695804195804196
clean_strict_302,LogisticRegression,raw,leave_one_corner_out,C_75C_1P0V,24,1,0.9166666666666666,0.7142857142857143,0.7083333333333334,0.708041958041958
clean_strict_302,HistGradientBoosting,raw,leave_one_corner_out,C_75C_1P0V,24,1,0.9166666666666666,0.9285714285714286,0.9583333333333334,0.9356060606060607
clean_strict_302,NonML_Baseline,raw,leave_one_corner_out,C_75C_1P0V,24,1,0.125,0.5227272727272727,0.5434782608695652,0.12347826086956522
clean_strict_302,RandomForest,invariant,leave_one_corner_out,C_75C_1P0V,24,1,1.0,1.0,1.0,1.0
clean_strict_302,LogisticRegression,invariant,leave_one_corner_out,C_75C_1P0V,24,1,0.9583333333333334,0.7307692307692308,0.75,0.74
clean_strict_302,HistGradientBoosting,invariant,leave_one_corner_out,C_75C_1P0V,24,1,1.0,1.0,1.0,1.0
clean_strict_302,NonML_Baseline,invariant,leave_one_corner_out,C_75C_1P0V,24,1,0.041666666666666664,0.020833333333333332,0.5,0.04
clean_strict_302,RandomForest,raw,leave_one_corner_out,C_75C_1P1V,25,1,0.92,0.6875,0.7083333333333334,0.6915584415584416
clean_strict_302,LogisticRegression,raw,leave_one_corner_out,C_75C_1P1V,25,1,0.84,0.6875,0.625,0.6415584415584416
clean_strict_302,HistGradientBoosting,raw,leave_one_corner_out,C_75C_1P1V,25,1,0.96,0.7142857142857143,0.75,0.7307692307692308
clean_strict_302,NonML_Baseline,raw,leave_one_corner_out,C_75C_1P1V,25,1,0.12,0.5217391304347826,0.5416666666666666,0.11858974358974358
clean_strict_302,RandomForest,invariant,leave_one_corner_out,C_75C_1P1V,25,1,1.0,1.0,1.0,1.0
clean_strict_302,LogisticRegression,invariant,leave_one_corner_out,C_75C_1P1V,25,1,0.92,0.7142857142857143,0.7083333333333334,0.708041958041958
clean_strict_302,HistGradientBoosting,invariant,leave_one_corner_out,C_75C_1P1V,25,1,1.0,1.0,1.0,1.0
clean_strict_302,NonML_Baseline,invariant,leave_one_corner_out,C_75C_1P1V,25,1,0.04,0.02,0.5,0.038461538461538464
clean_strict_302,RandomForest,raw,leave_one_corner_out,C_M40C_0P9V,18,1,0.2222222222222222,0.05555555555555555,0.25,0.09090909090909091
clean_strict_302,LogisticRegression,raw,leave_one_corner_out,C_M40C_0P9V,18,1,0.5,0.2916666666666667,0.3541666666666667,0.2638888888888889
clean_strict_302,HistGradientBoosting,raw,leave_one_corner_out,C_M40C_0P9V,18,1,0.2777777777777778,0.3088235294117647,0.5,0.34523809523809523
clean_strict_302,NonML_Baseline,raw,leave_one_corner_out,C_M40C_0P9V,18,1,0.5555555555555556,0.5555555555555556,0.7647058823529411,0.4461538461538461
clean_strict_302,RandomForest,invariant,leave_one_corner_out,C_M40C_0P9V,18,1,1.0,1.0,1.0,1.0
clean_strict_302,LogisticRegression,invariant,leave_one_corner_out,C_M40C_0P9V,18,1,0.9444444444444444,0.625,0.75,0.6666666666666666
clean_strict_302,HistGradientBoosting,invariant,leave_one_corner_out,C_M40C_0P9V,18,1,0.9444444444444444,0.7307692307692308,0.75,0.74
clean_strict_302,NonML_Baseline,invariant,leave_one_corner_out,C_M40C_0P9V,18,1,0.05555555555555555,0.027777777777777776,0.5,0.05263157894736842
clean_strict_302,RandomForest,raw,leave_one_corner_out,C_M40C_1P0V,14,1,0.35714285714285715,0.275,0.35,0.18831168831168832
clean_strict_302,LogisticRegression,raw,leave_one_corner_out,C_M40C_1P0V,14,1,0.7857142857142857,0.4423076923076923,0.5,0.46739130434782605
clean_strict_302,HistGradientBoosting,raw,leave_one_corner_out,C_M40C_1P0V,14,1,0.21428571428571427,0.2708333333333333,0.3,0.12179487179487179
clean_strict_302,NonML_Baseline,raw,leave_one_corner_out,C_M40C_1P0V,14,1,0.14285714285714285,0.5384615384615384,0.5384615384615384,0.14285714285714285
clean_strict_302,RandomForest,invariant,leave_one_corner_out,C_M40C_1P0V,14,1,1.0,1.0,1.0,1.0
clean_strict_302,LogisticRegression,invariant,leave_one_corner_out,C_M40C_1P0V,14,1,0.7857142857142857,0.4423076923076923,0.5,0.46739130434782605
clean_strict_302,HistGradientBoosting,invariant,leave_one_corner_out,C_M40C_1P0V,14,1,1.0,1.0,1.0,1.0
clean_strict_302,NonML_Baseline,invariant,leave_one_corner_out,C_M40C_1P0V,14,1,0.07142857142857142,0.03571428571428571,0.5,0.06666666666666667
clean_strict_302,RandomForest,raw,leave_one_corner_out,C_M40C_1P1V,21,1,0.38095238095238093,0.2833333333333333,0.5,0.3088235294117647
clean_strict_302,LogisticRegression,raw,leave_one_corner_out,C_M40C_1P1V,21,1,0.8571428571428571,0.7,0.5833333333333334,0.6161616161616161
clean_strict_302,HistGradientBoosting,raw,leave_one_corner_out,C_M40C_1P1V,21,1,0.8571428571428571,0.6,0.7083333333333334,0.6201298701298701
clean_strict_302,NonML_Baseline,raw,leave_one_corner_out,C_M40C_1P1V,21,1,0.14285714285714285,0.5263157894736842,0.55,0.14090909090909093
clean_strict_302,RandomForest,invariant,leave_one_corner_out,C_M40C_1P1V,21,1,1.0,1.0,1.0,1.0
clean_strict_302,LogisticRegression,invariant,leave_one_corner_out,C_M40C_1P1V,21,1,0.9523809523809523,0.7307692307692308,0.75,0.74
clean_strict_302,HistGradientBoosting,invariant,leave_one_corner_out,C_M40C_1P1V,21,1,1.0,1.0,1.0,1.0
clean_strict_302,NonML_Baseline,invariant,leave_one_corner_out,C_M40C_1P1V,21,1,0.047619047619047616,0.023809523809523808,0.5,0.045454545454545456
