dataset,model,feature_set,mean,std,min,max
clean_main_428,HistGradientBoosting,invariant,0.9954022988505747,0.017806819982562845,0.9310344827586207,1.0
clean_main_428,HistGradientBoosting,raw,0.8551632913701879,0.16975367511488915,0.4642857142857143,1.0
clean_main_428,LogisticRegression,invariant,0.8796965273976768,0.08277857593022318,0.6666666666666666,0.9655172413793104
clean_main_428,LogisticRegression,raw,0.7729459344401873,0.1591588441367776,0.4,0.8928571428571429
clean_main_428,NonML_Baseline,invariant,0.2009043361916925,0.014345442681959003,0.17857142857142858,0.2222222222222222
clean_main_428,NonML_Baseline,raw,0.32152587727300375,0.09502135419554433,0.25,0.5172413793103449
clean_main_428,RandomForest,invariant,1.0,0.0,1.0,1.0
clean_main_428,RandomForest,raw,0.834932798151189,0.1596952736361901,0.5172413793103449,1.0
clean_strict_302,HistGradientBoosting,invariant,0.9962962962962963,0.014344382763731182,0.9444444444444444,1.0
clean_strict_302,HistGradientBoosting,raw,0.7798985298115733,0.26603342930784807,0.21428571428571427,1.0
clean_strict_302,LogisticRegression,invariant,0.9439320952799214,0.05199258978615506,0.7857142857142857,1.0
clean_strict_302,LogisticRegression,raw,0.8268588995545517,0.144684383496308,0.5,0.9565217391304348
clean_strict_302,NonML_Baseline,invariant,0.03806934772152163,0.021107251770729158,0.0,0.07142857142857142
clean_strict_302,NonML_Baseline,raw,0.20084794110881068,0.15484438082034813,0.0,0.5555555555555556
clean_strict_302,RandomForest,invariant,1.0,0.0,1.0,1.0
clean_strict_302,RandomForest,raw,0.7708382165338687,0.25170027157027347,0.2222222222222222,1.0
