sample_id,corner_id,pvt_type,vdd_v,temperature_c,fault_class,fault_name,fault_target,severity_value,i_ddq_uA,t_write_ps,i_write_peak_mA,dv_bl_strobe_mV,t_sense_ps,v_bump_mV,hold_pass,write_pass,read_stable_pass,snm_hold_v,snm_read_v,snm_asym_hold_v,snm_asym_read_v,snm_drop_v,is_bistable,iddq_norm,t_write_norm,dv_bl_norm,snm_hold_norm,snm_read_norm,read_write_delay_ratio,snm_ratio,dv_bl_vdd_ratio,converged,warning_reasons,main_exclusion,exclusion_reason
SRAM_F0_S0_M40C_0P9V_0001,C_M40C_0P9V,ood,0.9,-40.0,0,healthy,none,0.0,0.0418,71.8,0.028,136.2,82.2,84.2,1,1,1,0.3501,0.2009,0.0,0.0,0.1492,1,1.0,1.0,1.0,1.0,1.0,1.1441,0.5738,0.1513,1,,False,
SRAM_F1_M5_S1_M40C_0P9V_0002,C_M40C_0P9V,ood,0.9,-40.0,1,resistive_open,M5,200.0,0.0418,72.7,0.028,136.2,82.2,84.2,1,1,1,0.3501,0.2009,0.0,0.0,0.1492,1,1.0,1.0111,1.0,1.0,1.0,1.1315,0.5738,0.1513,1,,False,
SRAM_F1_M5_S2_M40C_0P9V_0003,C_M40C_0P9V,ood,0.9,-40.0,1,resistive_open,M5,500.0,0.0418,73.9,0.028,136.1,82.2,84.2,1,1,1,0.3501,0.2009,0.0,0.0,0.1492,1,1.0,1.0285,0.9996,1.0,1.0,1.113,0.5738,0.1513,1,,False,
SRAM_F1_M5_S3_M40C_0P9V_0004,C_M40C_0P9V,ood,0.9,-40.0,1,resistive_open,M5,1000.0,0.0418,76.1,0.028,136.1,82.2,84.2,1,1,1,0.3501,0.2009,0.0,0.0,0.1492,1,1.0,1.0592,0.9993,1.0,1.0,1.0808,0.5738,0.1512,1,,False,
SRAM_F1_M5_S4_M40C_0P9V_0005,C_M40C_0P9V,ood,0.9,-40.0,1,resistive_open,M5,2000.0,0.0418,80.0,0.028,136.0,82.3,84.2,1,1,1,0.3501,0.2009,0.0,0.0,0.1492,1,1.0,1.1141,0.9985,1.0,1.0,1.0281,0.5738,0.1511,1,,False,
SRAM_F1_M5_S5_M40C_0P9V_0006,C_M40C_0P9V,ood,0.9,-40.0,1,resistive_open,M5,5000.0,0.0418,92.0,0.028,135.6,82.4,84.2,1,1,1,0.3501,0.2009,0.0,0.0003,0.1492,1,1.0,1.2804,0.996,1.0,1.0,0.8957,0.5738,0.1507,1,,False,
SRAM_F1_M5_S6_M40C_0P9V_0007,C_M40C_0P9V,ood,0.9,-40.0,1,resistive_open,M5,10000.0,0.0418,114.3,0.028,135.1,82.6,84.2,1,1,1,0.3501,0.2009,0.0,0.0006,0.1492,1,1.0,1.5908,0.9916,1.0,1.0,0.7227,0.5738,0.1501,1,,False,
SRAM_F1_M6_S1_M40C_0P9V_0008,C_M40C_0P9V,ood,0.9,-40.0,1,resistive_open,M6,200.0,0.0418,73.2,0.028,136.2,82.2,84.2,1,1,1,0.3501,0.2009,0.0,0.0,0.1492,1,1.0,1.0188,1.0,1.0,1.0,1.123,0.5738,0.1513,1,,False,
SRAM_F1_M6_S2_M40C_0P9V_0009,C_M40C_0P9V,ood,0.9,-40.0,1,resistive_open,M6,500.0,0.0418,75.2,0.028,136.1,82.2,84.2,1,1,1,0.3501,0.2009,0.0,0.0,0.1492,1,1.0,1.0459,0.9996,1.0,1.0,1.0945,0.5738,0.1513,1,,False,
SRAM_F1_M6_S3_M40C_0P9V_0010,C_M40C_0P9V,ood,0.9,-40.0,1,resistive_open,M6,1000.0,0.0418,78.1,0.028,136.1,82.2,84.2,1,1,1,0.3501,0.2009,0.0,0.0,0.1492,1,1.0,1.087,0.9993,1.0,1.0,1.0531,0.5738,0.1512,1,,False,
SRAM_F1_M6_S4_M40C_0P9V_0011,C_M40C_0P9V,ood,0.9,-40.0,1,resistive_open,M6,2000.0,0.0418,83.8,0.028,136.0,82.3,84.2,1,1,1,0.3501,0.2009,0.0,0.0,0.1492,1,1.0,1.1663,0.9985,1.0,1.0,0.9821,0.5738,0.1511,1,,False,
SRAM_F1_M6_S5_M40C_0P9V_0012,C_M40C_0P9V,ood,0.9,-40.0,1,resistive_open,M6,5000.0,0.0418,100.8,0.028,135.6,82.4,84.2,1,1,1,0.3501,0.2009,0.0,0.0003,0.1492,1,1.0,1.4036,0.996,1.0,1.0,0.8171,0.5738,0.1507,1,,False,
SRAM_F1_M6_S6_M40C_0P9V_0013,C_M40C_0P9V,ood,0.9,-40.0,1,resistive_open,M6,10000.0,0.0418,130.9,0.028,135.1,82.6,84.2,1,1,1,0.3501,0.2009,0.0,0.0006,0.1492,1,1.0,1.8219,0.9916,1.0,1.0,0.631,0.5738,0.1501,1,,False,
SRAM_F2_Q_Qb_S1_M40C_0P9V_0014,C_M40C_0P9V,ood,0.9,-40.0,2,bridging,Q_Qb,500.0,7.4974,20000.0,0.021,0.0,20000.0,530.8,0,0,0,0.0,0.0,0.0,0.0,0.0,0,179.3636,278.3577,0.0,0.0,0.0,1.0,0.0,0.0,0,snm_nonmonotonic,False,
SRAM_F2_Q_Qb_S2_M40C_0P9V_0015,C_M40C_0P9V,ood,0.9,-40.0,2,bridging,Q_Qb,1000.0,4.1122,20000.0,0.026,0.0,20000.0,529.1,0,0,0,0.0,0.0,0.0,0.0,0.0,0,98.378,278.3577,0.0,0.0,0.0,1.0,0.0,0.0,0,snm_nonmonotonic,False,
SRAM_F2_Q_Qb_S3_M40C_0P9V_0016,C_M40C_0P9V,ood,0.9,-40.0,2,bridging,Q_Qb,2000.0,2.0208,20000.0,0.019,0.0,20000.0,525.9,0,0,0,0.0,0.0,0.0,0.0,0.0,0,48.3445,278.3577,0.0,0.0,0.0,1.0,0.0,0.0,0,snm_nonmonotonic,False,
SRAM_F2_Q_Qb_S4_M40C_0P9V_0017,C_M40C_0P9V,ood,0.9,-40.0,2,bridging,Q_Qb,5000.0,0.7143,20000.0,0.017,0.0,20000.0,516.9,0,0,0,0.0,0.0,0.0,0.0,0.0,0,17.0885,278.3577,0.0,0.0,0.0,1.0,0.0,0.0,0,snm_nonmonotonic,False,
SRAM_F2_Q_Qb_S5_M40C_0P9V_0018,C_M40C_0P9V,ood,0.9,-40.0,2,bridging,Q_Qb,10000.0,0.3655,20000.0,0.02,0.0,20000.0,503.8,0,0,0,0.0,0.0,0.0,0.0,0.0,0,8.744,278.3577,0.0,0.0,0.0,1.0,0.0,0.0,0,snm_nonmonotonic,False,
SRAM_F3_storage_pair_S2_M40C_0P9V_0020,C_M40C_0P9V,ood,0.9,-40.0,3,vth_drift_storage_pair,storage_pair,10.0,0.0462,73.5,0.021,128.1,85.2,91.9,1,1,1,0.3051,0.1559,0.0,0.0,0.1492,1,1.1053,1.023,0.9405,0.8715,0.776,1.1592,0.511,0.1423,1,,False,
SRAM_F3_storage_pair_S3_M40C_0P9V_0021,C_M40C_0P9V,ood,0.9,-40.0,3,vth_drift_storage_pair,storage_pair,15.0,0.0043,74.9,0.018,123.6,87.1,96.4,1,1,1,0.283,0.0,0.0,0.0,0.283,0,0.1029,1.0431,0.9075,0.8083,0.0,1.1621,0.0,0.1373,0,snm_nonmonotonic,False,
SRAM_F3_storage_pair_S4_M40C_0P9V_0022,C_M40C_0P9V,ood,0.9,-40.0,3,vth_drift_storage_pair,storage_pair,20.0,0.0604,76.8,0.019,118.6,89.3,101.5,1,1,1,0.2601,0.0,0.0,0.0,0.2601,0,1.445,1.0696,0.8708,0.7429,0.0,1.162,0.0,0.1318,0,snm_nonmonotonic,False,
SRAM_F3_storage_pair_S5_M40C_0P9V_0023,C_M40C_0P9V,ood,0.9,-40.0,3,vth_drift_storage_pair,storage_pair,25.0,0.0092,79.5,0.021,113.3,91.9,107.3,1,1,1,0.238,0.0,0.0,0.0,0.238,0,0.2201,1.1065,0.8319,0.6798,0.0,1.156,0.0,0.1259,0,snm_nonmonotonic,False,
SRAM_F3_storage_pair_S6_M40C_0P9V_0024,C_M40C_0P9V,ood,0.9,-40.0,3,vth_drift_storage_pair,storage_pair,30.0,0.0394,83.1,0.022,107.4,95.2,114.1,1,1,1,0.217,0.0,0.0,0.0,0.217,0,0.9426,1.1566,0.7885,0.6198,0.0,1.1456,0.0,0.1193,0,snm_nonmonotonic,False,
SRAM_F4_access_pair_S1_M40C_0P9V_0025,C_M40C_0P9V,ood,0.9,-40.0,4,vth_drift_access,access_pair,5.0,0.0418,76.5,0.024,121.8,88.2,75.8,1,1,1,0.3501,0.2104,0.0,0.0,0.1397,1,1.0,1.0654,0.8943,1.0,1.0473,1.1522,0.601,0.1353,1,,False,
SRAM_F4_access_pair_S2_M40C_0P9V_0026,C_M40C_0P9V,ood,0.9,-40.0,4,vth_drift_access,access_pair,10.0,0.0418,82.0,0.024,108.1,95.2,67.8,1,1,1,0.3501,0.0,0.0,0.0,0.3501,0,1.0,1.1413,0.7937,1.0,0.0,1.161,0.0,0.1201,0,snm_nonmonotonic,False,
SRAM_F4_access_pair_S3_M40C_0P9V_0027,C_M40C_0P9V,ood,0.9,-40.0,4,vth_drift_access,access_pair,15.0,0.0418,88.0,0.02,95.0,103.4,60.0,1,1,1,0.3501,0.0,0.0,0.0,0.3501,0,1.0,1.2248,0.6975,1.0,0.0,1.175,0.0,0.1056,0,snm_nonmonotonic,False,
SRAM_F4_access_pair_S4_M40C_0P9V_0028,C_M40C_0P9V,ood,0.9,-40.0,4,vth_drift_access,access_pair,20.0,0.0418,96.4,0.024,82.6,113.1,52.7,1,1,1,0.3501,0.2391,0.0,0.0,0.111,1,1.0,1.3424,0.6065,1.0,1.1901,1.1726,0.6829,0.0918,1,,False,
SRAM_F4_access_pair_S5_M40C_0P9V_0029,C_M40C_0P9V,ood,0.9,-40.0,4,vth_drift_access,access_pair,25.0,0.0418,107.8,0.02,71.0,125.1,45.6,1,1,1,0.3501,0.2486,0.0,0.0,0.1015,1,1.0,1.5003,0.5213,1.0,1.2374,1.1605,0.7101,0.0789,1,,False,
SRAM_F4_access_pair_S6_M40C_0P9V_0030,C_M40C_0P9V,ood,0.9,-40.0,4,vth_drift_access,access_pair,30.0,0.0418,124.0,0.017,60.0,140.1,39.0,1,1,1,0.3501,0.2582,0.0,0.0,0.0919,1,1.0,1.7251,0.4405,1.0,1.2852,1.1303,0.7375,0.0667,1,,False,
SRAM_F0_S0_0C_0P9V_0031,C_0C_0P9V,ood,0.9,0.0,0,healthy,none,0.0,0.0056,71.9,0.022,141.5,79.8,94.8,1,1,1,0.408,0.0,0.0,0.0,0.408,0,1.0,1.0,1.0,1.0,0.0,1.1099,0.0,0.1572,0,snm_nonmonotonic,False,
SRAM_F1_M5_S1_0C_0P9V_0032,C_0C_0P9V,ood,0.9,0.0,1,resistive_open,M5,200.0,0.0056,72.7,0.022,141.4,79.8,94.8,1,1,1,0.408,0.0,0.0,0.0,0.408,0,1.0,1.0111,0.9996,1.0,0.0,1.0977,0.0,0.1572,0,snm_nonmonotonic,False,
SRAM_F1_M5_S2_0C_0P9V_0033,C_0C_0P9V,ood,0.9,0.0,1,resistive_open,M5,500.0,0.0056,73.9,0.022,141.4,79.8,94.8,1,1,1,0.408,0.0,0.0,0.0,0.408,0,1.0,1.0278,0.9996,1.0,0.0,1.0798,0.0,0.1572,0,snm_nonmonotonic,False,
SRAM_F1_M5_S3_0C_0P9V_0034,C_0C_0P9V,ood,0.9,0.0,1,resistive_open,M5,1000.0,0.0056,75.9,0.022,141.4,79.8,94.8,1,1,1,0.408,0.0,0.0,0.0,0.408,0,1.0,1.0556,0.9993,1.0,0.0,1.052,0.0,0.1571,0,snm_nonmonotonic,False,
SRAM_F1_M5_S4_0C_0P9V_0035,C_0C_0P9V,ood,0.9,0.0,1,resistive_open,M5,2000.0,0.0056,79.7,0.022,141.2,79.8,94.8,1,1,1,0.408,0.0,0.0,0.0,0.408,0,1.0,1.1085,0.9982,1.0,0.0,1.0019,0.0,0.1569,0,snm_nonmonotonic,False,
SRAM_F1_M5_S5_0C_0P9V_0036,C_0C_0P9V,ood,0.9,0.0,1,resistive_open,M5,5000.0,0.0056,91.4,0.022,140.9,80.0,94.8,1,1,1,0.408,0.0,0.0,0.0,0.408,0,1.0,1.2712,0.9958,1.0,0.0,0.8753,0.0,0.1566,0,snm_nonmonotonic,False,
SRAM_F1_M5_S6_0C_0P9V_0037,C_0C_0P9V,ood,0.9,0.0,1,resistive_open,M5,10000.0,0.0056,113.3,0.022,139.8,80.3,94.8,1,1,1,0.408,0.0,0.0,0.0,0.408,0,1.0,1.5758,0.9883,1.0,0.0,0.7087,0.0,0.1554,0,snm_nonmonotonic,False,
SRAM_F1_M6_S1_0C_0P9V_0038,C_0C_0P9V,ood,0.9,0.0,1,resistive_open,M6,200.0,0.0056,73.1,0.022,141.4,79.8,94.8,1,1,1,0.408,0.0,0.0,0.0,0.408,0,1.0,1.0167,0.9996,1.0,0.0,1.0917,0.0,0.1572,0,snm_nonmonotonic,False,
SRAM_F1_M6_S2_0C_0P9V_0039,C_0C_0P9V,ood,0.9,0.0,1,resistive_open,M6,500.0,0.0056,75.0,0.022,141.4,79.8,94.8,1,1,1,0.408,0.0,0.0,0.0,0.408,0,1.0,1.0424,0.9996,1.0,0.0,1.0647,0.0,0.1572,0,snm_nonmonotonic,False,
SRAM_F1_M6_S3_0C_0P9V_0040,C_0C_0P9V,ood,0.9,0.0,1,resistive_open,M6,1000.0,0.0056,77.7,0.022,141.4,79.8,94.8,1,1,1,0.408,0.0,0.0,0.0,0.408,0,1.0,1.08,0.9993,1.0,0.0,1.0283,0.0,0.1571,0,snm_nonmonotonic,False,
SRAM_F1_M6_S4_0C_0P9V_0041,C_0C_0P9V,ood,0.9,0.0,1,resistive_open,M6,2000.0,0.0056,83.0,0.022,141.2,79.8,94.8,1,1,1,0.408,0.0,0.0,0.0,0.408,0,1.0,1.1544,0.9982,1.0,0.0,0.962,0.0,0.1569,0,snm_nonmonotonic,False,
SRAM_F1_M6_S5_0C_0P9V_0042,C_0C_0P9V,ood,0.9,0.0,1,resistive_open,M6,5000.0,0.0056,99.3,0.022,140.9,80.0,94.8,1,1,1,0.408,0.0,0.0,0.0,0.408,0,1.0,1.3818,0.9958,1.0,0.0,0.8052,0.0,0.1566,0,snm_nonmonotonic,False,
SRAM_F1_M6_S6_0C_0P9V_0043,C_0C_0P9V,ood,0.9,0.0,1,resistive_open,M6,10000.0,0.0056,128.2,0.022,139.8,80.3,94.8,1,1,1,0.408,0.0,0.0,0.0,0.408,0,1.0,1.7837,0.9883,1.0,0.0,0.6261,0.0,0.1554,0,snm_nonmonotonic,False,
SRAM_F2_Q_Qb_S1_0C_0P9V_0044,C_0C_0P9V,ood,0.9,0.0,2,bridging,Q_Qb,500.0,15.1589,20000.0,0.032,0.0,20000.0,485.8,0,0,0,0.0,0.0,0.0,0.0,0.0,0,2706.9464,278.1641,0.0,0.0,0.0,1.0,0.0,0.0,0,snm_nonmonotonic,False,
SRAM_F2_Q_Qb_S2_0C_0P9V_0045,C_0C_0P9V,ood,0.9,0.0,2,bridging,Q_Qb,1000.0,4.3697,20000.0,0.023,0.0,20000.0,485.8,0,0,0,0.0,0.0,0.0,0.0,0.0,0,780.3036,278.1641,0.0,0.0,0.0,1.0,0.0,0.0,0,snm_nonmonotonic,False,
SRAM_F2_Q_Qb_S3_0C_0P9V_0046,C_0C_0P9V,ood,0.9,0.0,2,bridging,Q_Qb,2000.0,0.6198,20000.0,0.02,0.0,20000.0,485.7,0,0,0,0.0,0.0,0.0,0.0,0.0,0,110.6786,278.1641,0.0,0.0,0.0,1.0,0.0,0.0,0,snm_nonmonotonic,False,
SRAM_F2_Q_Qb_S4_0C_0P9V_0047,C_0C_0P9V,ood,0.9,0.0,2,bridging,Q_Qb,5000.0,2.6841,20000.0,0.02,0.0,20000.0,485.4,0,0,0,0.0,0.0,0.0,0.0,0.0,0,479.3036,278.1641,0.0,0.0,0.0,1.0,0.0,0.0,0,snm_nonmonotonic,False,
SRAM_F2_Q_Qb_S5_0C_0P9V_0048,C_0C_0P9V,ood,0.9,0.0,2,bridging,Q_Qb,10000.0,0.3818,20000.0,0.024,0.0,20000.0,473.8,0,0,0,0.0,0.0,0.0,0.0,0.0,0,68.1786,278.1641,0.0,0.0,0.0,1.0,0.0,0.0,0,snm_nonmonotonic,False,
SRAM_F3_storage_pair_S1_0C_0P9V_0049,C_0C_0P9V,ood,0.9,0.0,3,vth_drift_storage_pair,storage_pair,5.0,0.002,71.9,0.021,138.0,81.0,98.4,1,1,1,0.386,0.2124,0.0,0.0,0.1736,1,0.3571,1.0,0.9753,0.9461,0.905,1.1266,0.5503,0.1533,1,,False,
SRAM_F3_storage_pair_S2_0C_0P9V_0050,C_0C_0P9V,ood,0.9,0.0,3,vth_drift_storage_pair,storage_pair,10.0,0.0019,72.2,0.02,134.2,82.3,102.3,1,1,1,0.363,0.1897,0.0,0.0,0.1733,1,0.3393,1.0035,0.9484,0.8897,0.8083,1.1407,0.5226,0.1491,1,,False,
SRAM_F3_storage_pair_S3_0C_0P9V_0051,C_0C_0P9V,ood,0.9,0.0,3,vth_drift_storage_pair,storage_pair,15.0,0.0039,72.7,0.02,130.2,83.8,106.7,1,1,1,0.341,0.0,0.0,0.0,0.341,0,0.6964,1.0111,0.9201,0.8358,0.0,1.1527,0.0,0.1447,0,snm_nonmonotonic,False,
SRAM_F3_storage_pair_S4_0C_0P9V_0052,C_0C_0P9V,ood,0.9,0.0,3,vth_drift_storage_pair,storage_pair,20.0,0.0002,73.5,0.019,125.8,85.6,111.5,1,1,1,0.318,0.0,0.0,0.0,0.318,0,0.0357,1.0216,0.889,0.7794,0.0,1.1654,0.0,0.1398,0,snm_nonmonotonic,False,
SRAM_F3_storage_pair_S5_0C_0P9V_0053,C_0C_0P9V,ood,0.9,0.0,3,vth_drift_storage_pair,storage_pair,25.0,0.024,74.8,0.02,121.2,87.7,116.8,1,1,1,0.296,0.0,0.0,0.0,0.296,0,4.2857,1.0396,0.8565,0.7255,0.0,1.1732,0.0,0.1347,0,snm_nonmonotonic,False,
SRAM_F3_storage_pair_S6_0C_0P9V_0054,C_0C_0P9V,ood,0.9,0.0,3,vth_drift_storage_pair,storage_pair,30.0,0.0092,76.5,0.021,116.1,90.1,122.9,1,1,1,0.273,0.0,0.0,0.0,0.273,0,1.6429,1.0633,0.8205,0.6691,0.0,1.1785,0.0,0.129,0,snm_nonmonotonic,False,
SRAM_F4_access_pair_S1_0C_0P9V_0055,C_0C_0P9V,ood,0.9,0.0,4,vth_drift_access,access_pair,5.0,0.0056,76.3,0.022,128.0,85.2,86.5,1,1,1,0.408,0.0,0.0,0.0,0.408,0,1.0,1.0612,0.9046,1.0,0.0,1.1166,0.0,0.1422,0,snm_nonmonotonic,False,
SRAM_F4_access_pair_S2_0C_0P9V_0056,C_0C_0P9V,ood,0.9,0.0,4,vth_drift_access,access_pair,10.0,0.0056,81.2,0.021,115.2,91.2,78.4,1,1,1,0.408,0.0,0.0,0.0,0.408,0,1.0,1.13,0.8141,1.0,0.0,1.1225,0.0,0.128,0,snm_nonmonotonic,False,
SRAM_F4_access_pair_S3_0C_0P9V_0057,C_0C_0P9V,ood,0.9,0.0,4,vth_drift_access,access_pair,15.0,0.0056,86.7,0.021,102.9,98.2,70.7,1,1,1,0.408,0.0,0.0,0.0,0.408,0,1.0,1.2058,0.7272,1.0,0.0,1.1326,0.0,0.1143,0,snm_nonmonotonic,False,
SRAM_F4_access_pair_S4_0C_0P9V_0058,C_0C_0P9V,ood,0.9,0.0,4,vth_drift_access,access_pair,20.0,0.0056,93.9,0.022,91.1,106.3,63.2,1,1,1,0.408,0.0,0.0,0.0,0.408,0,1.0,1.306,0.6438,1.0,0.0,1.1321,0.0,0.1012,0,snm_nonmonotonic,False,
SRAM_F4_access_pair_S5_0C_0P9V_0059,C_0C_0P9V,ood,0.9,0.0,4,vth_drift_access,access_pair,25.0,0.0056,102.8,0.021,80.0,115.8,56.0,1,1,1,0.408,0.0,0.0,0.0,0.408,0,1.0,1.4298,0.5654,1.0,0.0,1.1265,0.0,0.0889,0,snm_nonmonotonic,False,
SRAM_F4_access_pair_S6_0C_0P9V_0060,C_0C_0P9V,ood,0.9,0.0,4,vth_drift_access,access_pair,30.0,0.0056,115.2,0.021,69.5,127.3,49.2,1,1,1,0.408,0.0,0.0,0.0,0.408,0,1.0,1.6015,0.4912,1.0,0.0,1.1055,0.0,0.0772,0,snm_nonmonotonic,False,
SRAM_F0_S0_27C_0P9V_0061,C_27C_0P9V,ood,0.9,27.0,0,healthy,none,0.0,0.0033,71.8,0.023,146.5,77.7,102.2,1,1,1,0.4489,0.2585,0.0,0.0,0.1904,1,1.0,1.0,1.0,1.0,1.0,1.0822,0.5759,0.1628,1,,False,
SRAM_F1_M5_S1_27C_0P9V_0062,C_27C_0P9V,ood,0.9,27.0,1,resistive_open,M5,200.0,0.0033,72.6,0.023,146.4,77.7,102.2,1,1,1,0.4489,0.2585,0.0,0.0,0.1904,1,1.0,1.0111,0.9997,1.0,1.0,1.0702,0.5759,0.1627,1,,False,
SRAM_F1_M5_S3_27C_0P9V_0064,C_27C_0P9V,ood,0.9,27.0,1,resistive_open,M5,1000.0,0.0033,75.7,0.023,146.3,77.8,102.2,1,1,1,0.4489,0.2585,0.0,0.0,0.1904,1,1.0,1.0536,0.999,1.0,1.0,1.0278,0.5759,0.1626,1,,False,
SRAM_F1_M5_S4_27C_0P9V_0065,C_27C_0P9V,ood,0.9,27.0,1,resistive_open,M5,2000.0,0.0033,79.3,0.023,146.2,77.8,102.2,1,1,1,0.4489,0.2585,0.0,0.0,0.1904,1,1.0,1.1052,0.9983,1.0,1.0,0.9798,0.5759,0.1625,1,,False,
SRAM_F1_M5_S5_27C_0P9V_0066,C_27C_0P9V,ood,0.9,27.0,1,resistive_open,M5,5000.0,0.0033,90.9,0.023,145.8,77.9,102.2,1,1,1,0.4489,0.2585,0.0,0.0002,0.1904,1,1.0,1.266,0.9956,1.0,1.0,0.857,0.5759,0.1621,1,,False,
SRAM_F1_M5_S6_27C_0P9V_0067,C_27C_0P9V,ood,0.9,27.0,1,resistive_open,M5,10000.0,0.0033,112.5,0.023,144.1,78.4,102.2,1,1,1,0.4489,0.2585,0.0,0.0006,0.1904,1,1.0,1.5669,0.9836,1.0,1.0,0.6969,0.5759,0.1601,1,,False,
SRAM_F1_M6_S1_27C_0P9V_0068,C_27C_0P9V,ood,0.9,27.0,1,resistive_open,M6,200.0,0.0033,72.9,0.023,146.4,77.7,102.2,1,1,1,0.4489,0.2585,0.0,0.0,0.1904,1,1.0,1.0153,0.9997,1.0,1.0,1.0658,0.5759,0.1627,1,,False,
SRAM_F1_M6_S2_27C_0P9V_0069,C_27C_0P9V,ood,0.9,27.0,1,resistive_open,M6,500.0,0.0033,74.7,0.023,146.4,77.7,102.2,1,1,1,0.4489,0.2585,0.0,0.0,0.1904,1,1.0,1.0397,0.9993,1.0,1.0,1.0409,0.5759,0.1627,1,,False,
SRAM_F1_M6_S3_27C_0P9V_0070,C_27C_0P9V,ood,0.9,27.0,1,resistive_open,M6,1000.0,0.0033,77.2,0.023,146.3,77.8,102.2,1,1,1,0.4489,0.2585,0.0,0.0,0.1904,1,1.0,1.0759,0.999,1.0,1.0,1.0065,0.5759,0.1626,1,,False,
SRAM_F1_M6_S4_27C_0P9V_0071,C_27C_0P9V,ood,0.9,27.0,1,resistive_open,M6,2000.0,0.0033,82.5,0.023,146.2,77.8,102.2,1,1,1,0.4489,0.2585,0.0,0.0,0.1904,1,1.0,1.1483,0.9983,1.0,1.0,0.943,0.5759,0.1625,1,,False,
SRAM_F1_M6_S5_27C_0P9V_0072,C_27C_0P9V,ood,0.9,27.0,1,resistive_open,M6,5000.0,0.0033,98.2,0.023,145.8,77.9,102.2,1,1,1,0.4489,0.2585,0.0,0.0002,0.1904,1,1.0,1.3684,0.9956,1.0,1.0,0.7929,0.5759,0.1621,1,,False,
SRAM_F1_M6_S6_27C_0P9V_0073,C_27C_0P9V,ood,0.9,27.0,1,resistive_open,M6,10000.0,0.0033,126.5,0.023,144.1,78.4,102.2,1,1,1,0.4489,0.2585,0.0,0.0006,0.1904,1,1.0,1.7618,0.9836,1.0,1.0,0.6198,0.5759,0.1601,1,,False,
SRAM_F2_Q_Qb_S1_27C_0P9V_0074,C_27C_0P9V,ood,0.9,27.0,2,bridging,Q_Qb,500.0,26.1819,20000.0,0.044,0.0,20000.0,463.7,0,0,0,0.0,0.0,0.0,0.0,0.0,0,7933.9091,278.5515,0.0,0.0,0.0,1.0,0.0,0.0,0,snm_nonmonotonic,False,
SRAM_F2_Q_Qb_S2_27C_0P9V_0075,C_27C_0P9V,ood,0.9,27.0,2,bridging,Q_Qb,1000.0,17.1518,20000.0,0.036,0.0,20000.0,463.7,0,0,0,0.0,0.0,0.0,0.0,0.0,0,5197.5152,278.5515,0.0,0.0,0.0,1.0,0.0,0.0,0,snm_nonmonotonic,False,
SRAM_F2_Q_Qb_S3_27C_0P9V_0076,C_27C_0P9V,ood,0.9,27.0,2,bridging,Q_Qb,2000.0,12.1741,20000.0,0.031,0.0,20000.0,463.7,0,0,0,0.0,0.0,0.0,0.0,0.0,0,3689.1212,278.5515,0.0,0.0,0.0,1.0,0.0,0.0,0,snm_nonmonotonic,False,
SRAM_F2_Q_Qb_S4_27C_0P9V_0077,C_27C_0P9V,ood,0.9,27.0,2,bridging,Q_Qb,5000.0,0.2806,20000.0,0.022,0.0,20000.0,463.6,0,0,0,0.0,0.0,0.0,0.0,0.0,0,85.0303,278.5515,0.0,0.0,0.0,1.0,0.0,0.0,0,snm_nonmonotonic,False,
SRAM_F2_Q_Qb_S5_27C_0P9V_0078,C_27C_0P9V,ood,0.9,27.0,2,bridging,Q_Qb,10000.0,0.3605,20000.0,0.02,0.0,20000.0,463.1,0,0,0,0.0,0.0,0.0,0.0,0.0,0,109.2424,278.5515,0.0,0.0,0.0,1.0,0.0,0.0,0,snm_nonmonotonic,False,
SRAM_F3_storage_pair_S1_27C_0P9V_0079,C_27C_0P9V,ood,0.9,27.0,3,vth_drift_storage_pair,storage_pair,5.0,0.0004,71.6,0.022,143.1,78.7,105.7,1,1,1,0.4268,0.2362,0.0,0.0,0.1906,1,0.1212,0.9972,0.9768,0.9508,0.9137,1.0992,0.5534,0.159,1,,False,
SRAM_F3_storage_pair_S2_27C_0P9V_0080,C_27C_0P9V,ood,0.9,27.0,3,vth_drift_storage_pair,storage_pair,10.0,0.0036,71.5,0.021,139.5,79.9,109.6,1,1,1,0.4039,0.2135,0.0,0.0,0.1904,1,1.0909,0.9958,0.9522,0.8998,0.8259,1.1175,0.5286,0.155,1,,False,
SRAM_F3_storage_pair_S3_27C_0P9V_0081,C_27C_0P9V,ood,0.9,27.0,3,vth_drift_storage_pair,storage_pair,15.0,0.004,71.6,0.02,135.8,81.3,113.8,1,1,1,0.3818,0.1912,0.0,0.0,0.1906,1,1.2121,0.9965,0.927,0.8505,0.7397,1.1363,0.5008,0.1509,1,,False,
SRAM_F3_storage_pair_S4_27C_0P9V_0082,C_27C_0P9V,ood,0.9,27.0,3,vth_drift_storage_pair,storage_pair,20.0,0.002,71.8,0.019,131.7,82.8,118.4,1,1,1,0.3589,0.0,0.0,0.0,0.3589,0,0.6061,0.9993,0.899,0.7995,0.0,1.154,0.0,0.1463,0,snm_nonmonotonic,False,
SRAM_F3_storage_pair_S5_27C_0P9V_0083,C_27C_0P9V,ood,0.9,27.0,3,vth_drift_storage_pair,storage_pair,25.0,0.0005,72.1,0.019,127.4,84.5,123.6,1,1,1,0.3368,0.0,0.0,0.0,0.3368,0,0.1515,1.0035,0.8696,0.7503,0.0,1.1728,0.0,0.1416,0,snm_nonmonotonic,False,
SRAM_F3_storage_pair_S6_27C_0P9V_0084,C_27C_0P9V,ood,0.9,27.0,3,vth_drift_storage_pair,storage_pair,30.0,0.0014,72.7,0.019,122.7,86.6,129.3,1,1,1,0.3139,0.0,0.0,0.0,0.3139,0,0.4242,1.0118,0.8375,0.6993,0.0,1.192,0.0,0.1363,0,snm_nonmonotonic,False,
SRAM_F4_access_pair_S1_27C_0P9V_0085,C_27C_0P9V,ood,0.9,27.0,4,vth_drift_access,access_pair,5.0,0.0033,76.1,0.023,133.5,82.6,93.9,1,1,1,0.4489,0.268,0.0,0.0,0.1809,1,1.0,1.0599,0.9113,1.0,1.0368,1.0854,0.597,0.1483,1,,False,
SRAM_F4_access_pair_S2_27C_0P9V_0086,C_27C_0P9V,ood,0.9,27.0,4,vth_drift_access,access_pair,10.0,0.0033,80.7,0.022,120.9,88.2,85.8,1,1,1,0.4489,0.2775,0.0,0.0,0.1714,1,1.0,1.124,0.8253,1.0,1.0735,1.0929,0.6182,0.1343,1,,False,
SRAM_F4_access_pair_S3_27C_0P9V_0087,C_27C_0P9V,ood,0.9,27.0,4,vth_drift_access,access_pair,15.0,0.0033,86.1,0.021,109.0,94.5,78.0,1,1,1,0.4489,0.2871,0.0,0.0,0.1618,1,1.0,1.1992,0.744,1.0,1.1106,1.0976,0.6396,0.1211,1,,False,
SRAM_F4_access_pair_S4_27C_0P9V_0088,C_27C_0P9V,ood,0.9,27.0,4,vth_drift_access,access_pair,20.0,0.0033,92.5,0.02,97.6,101.6,70.5,1,1,1,0.4489,0.2966,0.0,0.0,0.1523,1,1.0,1.2883,0.6662,1.0,1.1474,1.0984,0.6607,0.1084,1,,False,
SRAM_F4_access_pair_S5_27C_0P9V_0089,C_27C_0P9V,ood,0.9,27.0,4,vth_drift_access,access_pair,25.0,0.0033,100.3,0.02,86.7,110.0,63.3,1,1,1,0.4489,0.3062,0.0,0.0,0.1427,1,1.0,1.3976,0.5918,1.0,1.1845,1.0962,0.6821,0.0963,1,,False,
SRAM_F4_access_pair_S6_27C_0P9V_0090,C_27C_0P9V,ood,0.9,27.0,4,vth_drift_access,access_pair,30.0,0.0033,110.7,0.019,76.3,119.8,56.3,1,1,1,0.4489,0.3157,0.0,0.0,0.1332,1,1.0,1.5418,0.5208,1.0,1.2213,1.0822,0.7033,0.0848,1,,False,
SRAM_F0_S0_75C_0P9V_0091,C_75C_0P9V,ood,0.9,75.0,0,healthy,none,0.0,0.7302,70.2,0.023,157.4,73.4,115.6,1,1,1,0.4118,0.23,0.0,0.0,0.1818,1,1.0,1.0,1.0,1.0,1.0,1.0456,0.5585,0.1749,1,,False,
SRAM_F1_M5_S1_75C_0P9V_0092,C_75C_0P9V,ood,0.9,75.0,1,resistive_open,M5,200.0,0.7302,71.0,0.023,157.4,73.4,115.6,1,1,1,0.4118,0.23,0.0,0.0,0.1818,1,1.0,1.0107,0.9997,1.0,1.0,1.0345,0.5585,0.1748,1,,False,
SRAM_F1_M5_S2_75C_0P9V_0093,C_75C_0P9V,ood,0.9,75.0,1,resistive_open,M5,500.0,0.7302,72.0,0.023,157.4,73.4,115.6,1,1,1,0.4118,0.23,0.0,0.0001,0.1818,1,1.0,1.0264,0.9997,1.0,1.0,1.0187,0.5585,0.1748,1,,False,
SRAM_F1_M5_S3_75C_0P9V_0094,C_75C_0P9V,ood,0.9,75.0,1,resistive_open,M5,1000.0,0.7302,73.9,0.023,157.2,73.4,115.6,1,1,1,0.4118,0.23,0.0,0.0001,0.1818,1,1.0,1.0527,0.999,1.0,1.0,0.9932,0.5585,0.1747,1,,False,
SRAM_F1_M5_S4_75C_0P9V_0095,C_75C_0P9V,ood,0.9,75.0,1,resistive_open,M5,2000.0,0.7302,77.5,0.023,157.2,73.5,115.6,1,1,1,0.4118,0.23,0.0,0.0002,0.1818,1,1.0,1.104,0.9984,1.0,1.0,0.9477,0.5585,0.1746,1,,False,
SRAM_F1_M5_S6_75C_0P9V_0097,C_75C_0P9V,ood,0.9,75.0,1,resistive_open,M5,10000.0,0.7302,110.3,0.023,152.4,74.8,115.6,1,1,1,0.4118,0.23,0.0,0.0011,0.1818,1,1.0,1.5712,0.9686,1.0,1.0,0.6777,0.5585,0.1694,1,,False,
SRAM_F1_M6_S1_75C_0P9V_0098,C_75C_0P9V,ood,0.9,75.0,1,resistive_open,M6,200.0,0.7302,71.2,0.023,157.4,73.4,115.6,1,1,1,0.4118,0.23,0.0,0.0,0.1818,1,1.0,1.015,0.9997,1.0,1.0,1.0302,0.5585,0.1748,1,,False,
SRAM_F1_M6_S2_75C_0P9V_0099,C_75C_0P9V,ood,0.9,75.0,1,resistive_open,M6,500.0,0.7302,72.8,0.023,157.4,73.4,115.6,1,1,1,0.4118,0.23,0.0,0.0001,0.1818,1,1.0,1.037,0.9997,1.0,1.0,1.0082,0.5585,0.1748,1,,False,
SRAM_F1_M6_S3_75C_0P9V_0100,C_75C_0P9V,ood,0.9,75.0,1,resistive_open,M6,1000.0,0.7302,75.2,0.023,157.2,73.4,115.6,1,1,1,0.4118,0.23,0.0,0.0001,0.1818,1,1.0,1.0719,0.999,1.0,1.0,0.9754,0.5585,0.1747,1,,False,
SRAM_F1_M6_S4_75C_0P9V_0101,C_75C_0P9V,ood,0.9,75.0,1,resistive_open,M6,2000.0,0.7302,80.0,0.023,157.2,73.5,115.6,1,1,1,0.4118,0.23,0.0,0.0002,0.1818,1,1.0,1.1403,0.9984,1.0,1.0,0.9176,0.5585,0.1746,1,,False,
SRAM_F1_M6_S5_75C_0P9V_0102,C_75C_0P9V,ood,0.9,75.0,1,resistive_open,M6,5000.0,0.7302,94.6,0.023,156.4,73.6,115.6,1,1,1,0.4118,0.23,0.0,0.0006,0.1818,1,1.0,1.3483,0.994,1.0,1.0,0.7776,0.5585,0.1738,1,,False,
SRAM_F1_M6_S6_75C_0P9V_0103,C_75C_0P9V,ood,0.9,75.0,1,resistive_open,M6,10000.0,0.7302,121.2,0.023,152.4,74.8,115.6,1,1,1,0.4118,0.23,0.0,0.0011,0.1818,1,1.0,1.7265,0.9686,1.0,1.0,0.6167,0.5585,0.1694,1,,False,
SRAM_F2_Q_Qb_S1_75C_0P9V_0104,C_75C_0P9V,ood,0.9,75.0,2,bridging,Q_Qb,500.0,0.1037,20000.0,0.024,0.0,20000.0,455.4,0,0,0,0.0,0.0,0.0,0.0,0.0,0,0.142,284.9003,0.0,0.0,0.0,1.0,0.0,0.0,0,snm_nonmonotonic,False,
SRAM_F2_Q_Qb_S2_75C_0P9V_0105,C_75C_0P9V,ood,0.9,75.0,2,bridging,Q_Qb,1000.0,1.2502,20000.0,0.022,0.0,20000.0,455.0,0,0,0,0.0,0.0,0.0,0.0,0.0,0,1.7121,284.9003,0.0,0.0,0.0,1.0,0.0,0.0,0,snm_nonmonotonic,False,
SRAM_F2_Q_Qb_S3_75C_0P9V_0106,C_75C_0P9V,ood,0.9,75.0,2,bridging,Q_Qb,2000.0,0.2539,20000.0,0.024,0.0,20000.0,455.4,0,0,0,0.0,0.0,0.0,0.0,0.0,0,0.3477,284.9003,0.0,0.0,0.0,1.0,0.0,0.0,0,snm_nonmonotonic,False,
SRAM_F2_Q_Qb_S4_75C_0P9V_0107,C_75C_0P9V,ood,0.9,75.0,2,bridging,Q_Qb,5000.0,1.4871,20000.0,0.022,0.0,20000.0,455.4,0,0,0,0.0,0.0,0.0,0.0,0.0,0,2.0366,284.9003,0.0,0.0,0.0,1.0,0.0,0.0,0,snm_nonmonotonic,False,
SRAM_F2_Q_Qb_S5_75C_0P9V_0108,C_75C_0P9V,ood,0.9,75.0,2,bridging,Q_Qb,10000.0,1.7277,20000.0,0.02,0.0,20000.0,455.4,0,0,0,0.0,0.0,0.0,0.0,0.0,0,2.3661,284.9003,0.0,0.0,0.0,1.0,0.0,0.0,0,snm_nonmonotonic,False,
SRAM_F3_storage_pair_S1_75C_0P9V_0109,C_75C_0P9V,ood,0.9,75.0,3,vth_drift_storage_pair,storage_pair,5.0,0.2032,70.0,0.021,154.3,74.2,119.1,1,1,1,0.425,0.2328,0.0,0.0,0.1922,1,0.2783,0.9964,0.9803,1.0321,1.0122,1.0608,0.5478,0.1714,1,,False,
SRAM_F3_storage_pair_S2_75C_0P9V_0110,C_75C_0P9V,ood,0.9,75.0,3,vth_drift_storage_pair,storage_pair,10.0,0.3785,69.8,0.021,151.0,75.2,122.8,1,1,1,0.4381,0.2344,0.0,0.0,0.2037,1,0.5184,0.995,0.9593,1.0639,1.0191,1.0766,0.535,0.1678,1,,False,
SRAM_F3_storage_pair_S3_75C_0P9V_0111,C_75C_0P9V,ood,0.9,75.0,3,vth_drift_storage_pair,storage_pair,15.0,0.7345,69.8,0.019,147.5,76.2,126.9,1,1,1,0.4439,0.234,0.0,0.0,0.2099,1,1.0059,0.9943,0.9371,1.078,1.0174,1.0917,0.5271,0.1639,1,,False,
SRAM_F3_storage_pair_S4_75C_0P9V_0112,C_75C_0P9V,ood,0.9,75.0,3,vth_drift_storage_pair,storage_pair,20.0,0.0045,69.7,0.019,143.8,77.4,131.2,1,1,1,0.4223,0.2133,0.0,0.0,0.209,1,0.0062,0.9929,0.9136,1.0255,0.9274,1.1105,0.5051,0.1598,1,,False,
SRAM_F3_storage_pair_S5_75C_0P9V_0113,C_75C_0P9V,ood,0.9,75.0,3,vth_drift_storage_pair,storage_pair,25.0,0.0018,69.6,0.019,139.9,78.7,136.0,1,1,1,0.4002,0.1906,0.0,0.0,0.2096,1,0.0025,0.9915,0.8888,0.9718,0.8287,1.1307,0.4763,0.1554,1,,False,
SRAM_F3_storage_pair_S6_75C_0P9V_0114,C_75C_0P9V,ood,0.9,75.0,3,vth_drift_storage_pair,storage_pair,30.0,0.0001,69.5,0.017,135.8,80.2,141.2,1,1,1,0.3773,0.1683,0.0,0.0,0.209,1,0.0001,0.9907,0.8628,0.9162,0.7317,1.1531,0.4461,0.1509,1,,False,
SRAM_F4_access_pair_S1_75C_0P9V_0115,C_75C_0P9V,ood,0.9,75.0,4,vth_drift_access,access_pair,5.0,0.7302,74.4,0.023,144.9,77.7,107.4,1,1,1,0.4118,0.2392,0.0,0.0,0.1726,1,1.0,1.0598,0.9206,1.0,1.04,1.0444,0.5809,0.161,1,,False,
SRAM_F4_access_pair_S2_75C_0P9V_0116,C_75C_0P9V,ood,0.9,75.0,4,vth_drift_access,access_pair,10.0,0.7302,78.8,0.022,132.9,82.5,99.3,1,1,1,0.4118,0.2485,0.0,0.0,0.1633,1,1.0,1.1218,0.8443,1.0,1.0804,1.0476,0.6034,0.1477,1,,False,
SRAM_F4_access_pair_S3_75C_0P9V_0117,C_75C_0P9V,ood,0.9,75.0,4,vth_drift_access,access_pair,15.0,0.7302,83.7,0.023,121.3,87.7,91.5,1,1,1,0.4118,0.2577,0.0,0.0,0.1541,1,1.0,1.1923,0.7706,1.0,1.1204,1.0478,0.6258,0.1348,1,,False,
SRAM_F4_access_pair_S5_75C_0P9V_0119,C_75C_0P9V,ood,0.9,75.0,4,vth_drift_access,access_pair,25.0,0.7302,95.8,0.024,99.5,100.3,76.7,1,1,1,0.4118,0.2761,0.0,0.0,0.1357,1,1.0,1.3647,0.6321,1.0,1.2004,1.047,0.6705,0.1106,1,,False,
SRAM_F4_access_pair_S6_75C_0P9V_0120,C_75C_0P9V,ood,0.9,75.0,4,vth_drift_access,access_pair,30.0,0.7302,103.8,0.021,89.4,107.9,69.6,1,1,1,0.4118,0.2853,0.0,0.0,0.1265,1,1.0,1.4779,0.568,1.0,1.2404,1.04,0.6928,0.0993,1,,False,
SRAM_F1_M5_S1_125C_0P9V_0122,C_125C_0P9V,ood,0.9,125.0,1,resistive_open,M5,200.0,0.3902,68.0,0.026,171.9,68.2,129.9,1,1,1,0.3697,0.1918,0.0,0.0,0.1779,1,1.0,1.0112,0.9997,1.0,1.0,1.0022,0.5188,0.1909,1,,False,
SRAM_F1_M5_S2_125C_0P9V_0123,C_125C_0P9V,ood,0.9,125.0,1,resistive_open,M5,500.0,0.3902,69.2,0.026,171.8,68.2,129.9,1,1,1,0.3697,0.1918,0.0,0.0001,0.1779,1,1.0,1.0283,0.9994,1.0,1.0,0.9855,0.5188,0.1909,1,,False,
SRAM_F1_M5_S3_125C_0P9V_0124,C_125C_0P9V,ood,0.9,125.0,1,resistive_open,M5,1000.0,0.3902,70.9,0.026,171.7,68.2,129.9,1,1,1,0.3697,0.1918,0.0,0.0002,0.1779,1,1.0,1.0543,0.9988,1.0,1.0,0.9612,0.5188,0.1908,1,,False,
SRAM_F1_M5_S4_125C_0P9V_0125,C_125C_0P9V,ood,0.9,125.0,1,resistive_open,M5,2000.0,0.3902,74.5,0.025,171.4,68.2,129.9,1,1,1,0.3697,0.1918,0.0,0.0003,0.1779,1,1.0,1.1071,0.9971,1.0,1.0,0.9161,0.5188,0.1904,1,,False,
SRAM_F1_M5_S5_125C_0P9V_0126,C_125C_0P9V,ood,0.9,125.0,1,resistive_open,M5,5000.0,0.3902,85.3,0.025,170.0,68.5,129.9,1,1,1,0.3697,0.1918,0.0,0.0008,0.1779,1,1.0,1.2684,0.9889,1.0,1.0,0.8036,0.5188,0.1889,1,,False,
SRAM_F1_M5_S6_125C_0P9V_0127,C_125C_0P9V,ood,0.9,125.0,1,resistive_open,M5,10000.0,0.3902,107.2,0.025,162.9,70.4,129.9,1,1,1,0.3697,0.1918,0.0,0.0015,0.1779,1,1.0,1.5933,0.9476,1.0,1.0,0.657,0.5188,0.181,1,,False,
SRAM_F1_M6_S1_125C_0P9V_0128,C_125C_0P9V,ood,0.9,125.0,1,resistive_open,M6,200.0,0.3902,68.2,0.026,171.9,68.2,129.9,1,1,1,0.3697,0.1918,0.0,0.0,0.1779,1,1.0,1.0134,0.9997,1.0,1.0,1.0,0.5188,0.1909,1,,False,
SRAM_F1_M6_S2_125C_0P9V_0129,C_125C_0P9V,ood,0.9,125.0,1,resistive_open,M6,500.0,0.3902,69.5,0.026,171.8,68.2,129.9,1,1,1,0.3697,0.1918,0.0,0.0001,0.1779,1,1.0,1.0335,0.9994,1.0,1.0,0.9806,0.5188,0.1909,1,,False,
SRAM_F1_M6_S3_125C_0P9V_0130,C_125C_0P9V,ood,0.9,125.0,1,resistive_open,M6,1000.0,0.3902,71.6,0.026,171.7,68.2,129.9,1,1,1,0.3697,0.1918,0.0,0.0002,0.1779,1,1.0,1.0647,0.9988,1.0,1.0,0.9518,0.5188,0.1908,1,,False,
SRAM_F1_M6_S4_125C_0P9V_0131,C_125C_0P9V,ood,0.9,125.0,1,resistive_open,M6,2000.0,0.3902,75.9,0.025,171.4,68.2,129.9,1,1,1,0.3697,0.1918,0.0,0.0003,0.1779,1,1.0,1.1286,0.9971,1.0,1.0,0.8986,0.5188,0.1904,1,,False,
SRAM_F1_M6_S6_125C_0P9V_0133,C_125C_0P9V,ood,0.9,125.0,1,resistive_open,M6,10000.0,0.3902,113.3,0.025,162.9,70.4,129.9,1,1,1,0.3697,0.1918,0.0,0.0015,0.1779,1,1.0,1.6855,0.9476,1.0,1.0,0.6211,0.5188,0.181,1,,False,
SRAM_F2_Q_Qb_S1_125C_0P9V_0134,C_125C_0P9V,ood,0.9,125.0,2,bridging,Q_Qb,500.0,8.3248,20000.0,0.025,0.0,20000.0,441.4,0,0,0,0.0,0.0,0.0,0.0,0.0,0,21.3347,297.3978,0.0,0.0,0.0,1.0,0.0,0.0,0,snm_nonmonotonic,False,
SRAM_F2_Q_Qb_S2_125C_0P9V_0135,C_125C_0P9V,ood,0.9,125.0,2,bridging,Q_Qb,1000.0,5.6406,20000.0,0.023,0.0,20000.0,441.4,0,0,0,0.0,0.0,0.0,0.0,0.0,0,14.4557,297.3978,0.0,0.0,0.0,1.0,0.0,0.0,0,snm_nonmonotonic,False,
SRAM_F2_Q_Qb_S3_125C_0P9V_0136,C_125C_0P9V,ood,0.9,125.0,2,bridging,Q_Qb,2000.0,4.5919,20000.0,0.024,0.0,20000.0,441.4,0,0,0,0.0,0.0,0.0,0.0,0.0,0,11.7681,297.3978,0.0,0.0,0.0,1.0,0.0,0.0,0,snm_nonmonotonic,False,
SRAM_F2_Q_Qb_S4_125C_0P9V_0137,C_125C_0P9V,ood,0.9,125.0,2,bridging,Q_Qb,5000.0,5.2951,20000.0,0.023,0.0,20000.0,441.4,0,0,0,0.0,0.0,0.0,0.0,0.0,0,13.5702,297.3978,0.0,0.0,0.0,1.0,0.0,0.0,0,snm_nonmonotonic,False,
SRAM_F2_Q_Qb_S5_125C_0P9V_0138,C_125C_0P9V,ood,0.9,125.0,2,bridging,Q_Qb,10000.0,5.3402,20000.0,0.023,0.0,20000.0,441.4,0,0,0,0.0,0.0,0.0,0.0,0.0,0,13.6858,297.3978,0.0,0.0,0.0,1.0,0.0,0.0,0,snm_nonmonotonic,False,
SRAM_F3_storage_pair_S2_125C_0P9V_0140,C_125C_0P9V,ood,0.9,125.0,3,vth_drift_storage_pair,storage_pair,10.0,0.0304,66.7,0.022,165.2,69.8,136.9,1,1,1,0.3962,0.2005,0.0,0.0,0.1957,1,0.0779,0.9918,0.961,1.0717,1.0454,1.0465,0.5061,0.1836,1,,False,
SRAM_F3_storage_pair_S3_125C_0P9V_0141,C_125C_0P9V,ood,0.9,125.0,3,vth_drift_storage_pair,storage_pair,15.0,0.2045,66.4,0.021,162.1,70.6,140.8,1,1,1,0.4094,0.204,0.0,0.0,0.2054,1,0.5241,0.9874,0.943,1.1074,1.0636,1.0633,0.4983,0.1801,1,,False,
SRAM_F3_storage_pair_S4_125C_0P9V_0142,C_125C_0P9V,ood,0.9,125.0,3,vth_drift_storage_pair,storage_pair,20.0,0.4116,66.2,0.02,158.7,71.5,144.9,1,1,1,0.4223,0.2065,0.0,0.0,0.2158,1,1.0548,0.9844,0.9232,1.1423,1.0766,1.0801,0.489,0.1763,1,,False,
SRAM_F3_storage_pair_S5_125C_0P9V_0143,C_125C_0P9V,ood,0.9,125.0,3,vth_drift_storage_pair,storage_pair,25.0,0.1292,66.0,0.019,155.1,72.5,149.3,1,1,1,0.4346,0.2077,0.0,0.0,0.2269,1,0.3311,0.9814,0.9023,1.1755,1.0829,1.0985,0.4779,0.1723,1,,False,
SRAM_F3_storage_pair_S6_125C_0P9V_0144,C_125C_0P9V,ood,0.9,125.0,3,vth_drift_storage_pair,storage_pair,30.0,0.3692,65.8,0.018,151.3,73.7,154.1,1,1,1,0.4385,0.2071,0.0,0.0,0.2314,1,0.9462,0.9792,0.8802,1.1861,1.0798,1.1192,0.4723,0.1681,1,,False,
SRAM_F4_access_pair_S1_125C_0P9V_0145,C_125C_0P9V,ood,0.9,125.0,4,vth_drift_access,access_pair,5.0,0.3902,71.2,0.026,159.6,72.0,121.8,1,1,1,0.3697,0.2008,0.0,0.0,0.1689,1,1.0,1.058,0.9284,1.0,1.0469,1.0119,0.5431,0.1773,1,,False,
SRAM_F4_access_pair_S2_125C_0P9V_0146,C_125C_0P9V,ood,0.9,125.0,4,vth_drift_access,access_pair,10.0,0.3902,75.2,0.026,147.7,76.1,113.9,1,1,1,0.3697,0.2097,0.0,0.0,0.16,1,1.0,1.119,0.8592,1.0,1.0933,1.0113,0.5672,0.1641,1,,False,
SRAM_F4_access_pair_S3_125C_0P9V_0147,C_125C_0P9V,ood,0.9,125.0,4,vth_drift_access,access_pair,15.0,0.3902,79.7,0.025,136.2,80.7,106.1,1,1,1,0.3697,0.2186,0.0,0.0,0.1511,1,1.0,1.1844,0.7923,1.0,1.1397,1.0132,0.5913,0.1513,1,,False,
SRAM_F4_access_pair_S4_125C_0P9V_0148,C_125C_0P9V,ood,0.9,125.0,4,vth_drift_access,access_pair,20.0,0.3902,84.6,0.025,125.1,85.6,98.5,1,1,1,0.3697,0.2275,0.0,0.0,0.1422,1,1.0,1.2572,0.7277,1.0,1.1861,1.0124,0.6154,0.139,1,,False,
SRAM_F4_access_pair_S5_125C_0P9V_0149,C_125C_0P9V,ood,0.9,125.0,4,vth_drift_access,access_pair,25.0,0.3902,90.1,0.024,114.6,91.0,91.2,1,1,1,0.3697,0.2364,0.0,0.0,0.1333,1,1.0,1.3398,0.6667,1.0,1.2325,1.01,0.6394,0.1273,1,,False,
SRAM_F4_access_pair_S6_125C_0P9V_0150,C_125C_0P9V,ood,0.9,125.0,4,vth_drift_access,access_pair,30.0,0.3902,96.4,0.024,104.5,97.0,84.0,1,1,1,0.3697,0.2451,0.0,0.0,0.1246,1,1.0,1.4335,0.6079,1.0,1.2779,1.0062,0.663,0.1161,1,,False,
SRAM_F0_S0_M40C_1P0V_0151,C_M40C_1P0V,ood,1.0,-40.0,0,healthy,none,0.0,0.0062,59.0,0.039,227.7,61.4,107.2,1,1,1,0.4501,0.258,0.0,0.0,0.1921,1,1.0,1.0,1.0,1.0,1.0,1.0407,0.5732,0.2277,1,,False,
SRAM_F1_M5_S1_M40C_1P0V_0152,C_M40C_1P0V,ood,1.0,-40.0,1,resistive_open,M5,200.0,0.0062,59.9,0.039,227.6,61.4,107.2,1,1,1,0.4501,0.258,0.0,0.0,0.1921,1,1.0,1.0153,0.9998,1.0,1.0,1.025,0.5732,0.2276,1,,False,
SRAM_F1_M5_S2_M40C_1P0V_0153,C_M40C_1P0V,ood,1.0,-40.0,1,resistive_open,M5,500.0,0.0062,61.2,0.039,227.6,61.4,107.2,1,1,1,0.4501,0.258,0.0,0.0,0.1921,1,1.0,1.0373,0.9993,1.0,1.0,1.0033,0.5732,0.2276,1,,False,
SRAM_F1_M5_S3_M40C_1P0V_0154,C_M40C_1P0V,ood,1.0,-40.0,1,resistive_open,M5,1000.0,0.0062,63.0,0.039,227.4,61.4,107.2,1,1,1,0.4501,0.258,0.0,0.0,0.1921,1,1.0,1.0669,0.9987,1.0,1.0,0.9754,0.5732,0.2274,1,,False,
SRAM_F1_M5_S4_M40C_1P0V_0155,C_M40C_1P0V,ood,1.0,-40.0,1,resistive_open,M5,2000.0,0.0062,66.7,0.039,227.1,61.5,107.2,1,1,1,0.4501,0.258,0.0,0.0002,0.1921,1,1.0,1.1297,0.9974,1.0,1.0,0.922,0.5732,0.2271,1,,False,
SRAM_F1_M5_S5_M40C_1P0V_0156,C_M40C_1P0V,ood,1.0,-40.0,1,resistive_open,M5,5000.0,0.0062,77.8,0.039,226.1,61.5,107.2,1,1,1,0.4501,0.258,0.0,0.0005,0.1921,1,1.0,1.3178,0.9932,1.0,1.0,0.7916,0.5732,0.2261,1,,False,
SRAM_F1_M6_S1_M40C_1P0V_0158,C_M40C_1P0V,ood,1.0,-40.0,1,resistive_open,M6,200.0,0.0062,59.8,0.039,227.6,61.4,107.2,1,1,1,0.4501,0.258,0.0,0.0,0.1921,1,1.0,1.0136,0.9998,1.0,1.0,1.0268,0.5732,0.2276,1,,False,
SRAM_F1_M6_S2_M40C_1P0V_0159,C_M40C_1P0V,ood,1.0,-40.0,1,resistive_open,M6,500.0,0.0062,61.2,0.039,227.6,61.4,107.2,1,1,1,0.4501,0.258,0.0,0.0,0.1921,1,1.0,1.0373,0.9993,1.0,1.0,1.0033,0.5732,0.2276,1,,False,
SRAM_F1_M6_S3_M40C_1P0V_0160,C_M40C_1P0V,ood,1.0,-40.0,1,resistive_open,M6,1000.0,0.0062,63.8,0.039,227.4,61.4,107.2,1,1,1,0.4501,0.258,0.0,0.0,0.1921,1,1.0,1.0814,0.9987,1.0,1.0,0.9624,0.5732,0.2274,1,,False,
SRAM_F1_M6_S4_M40C_1P0V_0161,C_M40C_1P0V,ood,1.0,-40.0,1,resistive_open,M6,2000.0,0.0062,68.8,0.039,227.1,61.5,107.2,1,1,1,0.4501,0.258,0.0,0.0002,0.1921,1,1.0,1.1669,0.9974,1.0,1.0,0.8925,0.5732,0.2271,1,,False,
SRAM_F1_M6_S6_M40C_1P0V_0163,C_M40C_1P0V,ood,1.0,-40.0,1,resistive_open,M6,10000.0,0.0062,112.5,0.039,214.1,62.8,107.2,1,1,1,0.4501,0.258,0.0,0.0012,0.1921,1,1.0,1.9068,0.9405,1.0,1.0,0.5578,0.5732,0.2141,1,,False,
SRAM_F2_Q_Qb_S1_M40C_1P0V_0164,C_M40C_1P0V,ood,1.0,-40.0,2,bridging,Q_Qb,500.0,66.9384,20000.0,0.089,0.0,20000.0,533.9,0,0,0,0.0,0.0,0.0,0.0,0.0,0,10796.5161,338.9831,0.0,0.0,0.0,1.0,0.0,0.0,0,snm_nonmonotonic,False,
SRAM_F2_Q_Qb_S2_M40C_1P0V_0165,C_M40C_1P0V,ood,1.0,-40.0,2,bridging,Q_Qb,1000.0,31.993,20000.0,0.054,0.0,20000.0,533.9,0,0,0,0.0,0.0,0.0,0.0,0.0,0,5160.1613,338.9831,0.0,0.0,0.0,1.0,0.0,0.0,0,snm_nonmonotonic,False,
SRAM_F2_Q_Qb_S3_M40C_1P0V_0166,C_M40C_1P0V,ood,1.0,-40.0,2,bridging,Q_Qb,2000.0,12.9575,20000.0,0.045,0.0,20000.0,533.9,0,0,0,0.0,0.0,0.0,0.0,0.0,0,2089.9194,338.9831,0.0,0.0,0.0,1.0,0.0,0.0,0,snm_nonmonotonic,False,
SRAM_F2_Q_Qb_S4_M40C_1P0V_0167,C_M40C_1P0V,ood,1.0,-40.0,2,bridging,Q_Qb,5000.0,4.4347,20000.0,0.034,0.0,20000.0,533.8,0,0,0,0.0,0.0,0.0,0.0,0.0,0,715.2742,338.9831,0.0,0.0,0.0,1.0,0.0,0.0,0,snm_nonmonotonic,False,
SRAM_F2_Q_Qb_S5_M40C_1P0V_0168,C_M40C_1P0V,ood,1.0,-40.0,2,bridging,Q_Qb,10000.0,1.4092,20000.0,0.027,0.0,20000.0,516.5,0,0,0,0.0,0.0,0.0,0.0,0.0,0,227.2903,338.9831,0.0,0.0,0.0,1.0,0.0,0.0,0,snm_nonmonotonic,False,
SRAM_F3_storage_pair_S1_M40C_1P0V_0169,C_M40C_1P0V,ood,1.0,-40.0,3,vth_drift_storage_pair,storage_pair,5.0,0.018,58.9,0.038,222.5,62.0,110.8,1,1,1,0.428,0.2357,0.0,0.0,0.1923,1,2.9032,0.9983,0.9772,0.9509,0.9136,1.0526,0.5507,0.2225,1,,False,
SRAM_F3_storage_pair_S2_M40C_1P0V_0170,C_M40C_1P0V,ood,1.0,-40.0,3,vth_drift_storage_pair,storage_pair,10.0,0.0088,59.0,0.036,217.1,62.6,114.7,1,1,1,0.4051,0.213,0.0,0.0,0.1921,1,1.4194,1.0008,0.9534,0.9,0.8256,1.0601,0.5258,0.2171,1,,False,
SRAM_F3_storage_pair_S3_M40C_1P0V_0171,C_M40C_1P0V,ood,1.0,-40.0,3,vth_drift_storage_pair,storage_pair,15.0,0.0518,59.1,0.034,211.3,63.4,118.9,1,1,1,0.383,0.0,0.0,0.0,0.383,0,8.3548,1.0017,0.928,0.8509,0.0,1.0728,0.0,0.2113,0,snm_nonmonotonic,False,
SRAM_F3_storage_pair_S4_M40C_1P0V_0172,C_M40C_1P0V,ood,1.0,-40.0,3,vth_drift_storage_pair,storage_pair,20.0,0.0277,59.4,0.03,205.1,64.2,123.5,1,1,1,0.3601,0.0,0.0,0.0,0.3601,0,4.4677,1.0059,0.9007,0.8,0.0,1.0817,0.0,0.2051,0,snm_nonmonotonic,False,
SRAM_F3_storage_pair_S5_M40C_1P0V_0173,C_M40C_1P0V,ood,1.0,-40.0,3,vth_drift_storage_pair,storage_pair,25.0,0.0808,59.8,0.025,198.4,65.2,128.6,1,1,1,0.338,0.0,0.0,0.0,0.338,0,13.0323,1.0136,0.8713,0.7509,0.0,1.0903,0.0,0.1984,0,snm_nonmonotonic,False,
SRAM_F3_storage_pair_S6_M40C_1P0V_0174,C_M40C_1P0V,ood,1.0,-40.0,3,vth_drift_storage_pair,storage_pair,30.0,0.0087,60.6,0.02,191.3,66.4,134.3,1,1,1,0.3151,0.0,0.0,0.0,0.3151,0,1.4032,1.0271,0.8401,0.7001,0.0,1.0957,0.0,0.1913,0,snm_nonmonotonic,False,
SRAM_F4_access_pair_S1_M40C_1P0V_0175,C_M40C_1P0V,ood,1.0,-40.0,4,vth_drift_access,access_pair,5.0,0.0062,61.8,0.032,208.5,64.7,98.8,1,1,1,0.4501,0.0,0.0,0.0,0.4501,0,1.0,1.0483,0.9157,1.0,0.0,1.0461,0.0,0.2085,0,snm_nonmonotonic,False,
SRAM_F4_access_pair_S2_M40C_1P0V_0176,C_M40C_1P0V,ood,1.0,-40.0,4,vth_drift_access,access_pair,10.0,0.0062,64.8,0.031,190.0,68.3,90.7,1,1,1,0.4501,0.0,0.0,0.0,0.4501,0,1.0,1.0992,0.8344,1.0,0.0,1.0532,0.0,0.19,0,snm_nonmonotonic,False,
SRAM_F4_access_pair_S3_M40C_1P0V_0177,C_M40C_1P0V,ood,1.0,-40.0,4,vth_drift_access,access_pair,15.0,0.0062,68.4,0.034,172.3,72.3,82.8,1,1,1,0.4501,0.0,0.0,0.0,0.4501,0,1.0,1.1593,0.7567,1.0,0.0,1.057,0.0,0.1723,0,snm_nonmonotonic,False,
SRAM_F4_access_pair_S4_M40C_1P0V_0178,C_M40C_1P0V,ood,1.0,-40.0,4,vth_drift_access,access_pair,20.0,0.0062,72.8,0.034,155.3,76.9,75.2,1,1,1,0.4501,0.0,0.0,0.0,0.4501,0,1.0,1.2339,0.682,1.0,0.0,1.0563,0.0,0.1553,0,snm_nonmonotonic,False,
SRAM_F4_access_pair_S5_M40C_1P0V_0179,C_M40C_1P0V,ood,1.0,-40.0,4,vth_drift_access,access_pair,25.0,0.0062,77.2,0.029,138.9,82.1,67.8,1,1,1,0.4501,0.0,0.0,0.0,0.4501,0,1.0,1.3076,0.61,1.0,0.0,1.0642,0.0,0.1389,0,snm_nonmonotonic,False,
SRAM_F4_access_pair_S6_M40C_1P0V_0180,C_M40C_1P0V,ood,1.0,-40.0,4,vth_drift_access,access_pair,30.0,0.0062,83.5,0.032,123.3,88.1,60.7,1,1,1,0.4501,0.3155,0.0,0.0,0.1346,1,1.0,1.4161,0.5415,1.0,1.2229,1.0545,0.701,0.1233,1,,False,
SRAM_F1_M5_S1_0C_1P0V_0182,C_0C_1P0V,ood,1.0,0.0,1,resistive_open,M5,200.0,0.0048,60.8,0.037,224.1,60.8,117.7,1,1,1,0.4903,0.2798,0.0,0.0,0.2105,1,1.0,1.0125,0.9998,1.0,1.0,1.0,0.5707,0.2241,1,,False,
SRAM_F1_M5_S2_0C_1P0V_0183,C_0C_1P0V,ood,1.0,0.0,1,resistive_open,M5,500.0,0.0048,62.0,0.037,224.1,60.8,117.7,1,1,1,0.4903,0.2798,0.0,0.0001,0.2105,1,1.0,1.0325,0.9993,1.0,1.0,0.9806,0.5707,0.224,1,,False,
SRAM_F1_M5_S3_0C_1P0V_0184,C_0C_1P0V,ood,1.0,0.0,1,resistive_open,M5,1000.0,0.0048,63.9,0.037,223.9,60.8,117.7,1,1,1,0.4903,0.2798,0.0,0.0001,0.2105,1,1.0,1.0641,0.9987,1.0,1.0,0.9523,0.5707,0.2239,1,,False,
SRAM_F1_M5_S4_0C_1P0V_0185,C_0C_1P0V,ood,1.0,0.0,1,resistive_open,M5,2000.0,0.0048,67.4,0.037,223.6,60.8,117.7,1,1,1,0.4903,0.2798,0.0,0.0003,0.2105,1,1.0,1.1224,0.9975,1.0,1.0,0.9028,0.5707,0.2236,1,,False,
SRAM_F1_M5_S5_0C_1P0V_0186,C_0C_1P0V,ood,1.0,0.0,1,resistive_open,M5,5000.0,0.0048,78.3,0.037,222.5,61.0,117.7,1,1,1,0.4903,0.2798,0.0,0.0007,0.2105,1,1.0,1.3039,0.9924,1.0,1.0,0.7791,0.5707,0.2225,1,,False,
SRAM_F1_M5_S6_0C_1P0V_0187,C_0C_1P0V,ood,1.0,0.0,1,resistive_open,M5,10000.0,0.0048,100.6,0.037,210.5,62.3,117.7,1,1,1,0.4903,0.2798,0.0,0.0013,0.2105,1,1.0,1.6753,0.9389,1.0,1.0,0.6193,0.5707,0.2105,1,,False,
SRAM_F1_M6_S1_0C_1P0V_0188,C_0C_1P0V,ood,1.0,0.0,1,resistive_open,M6,200.0,0.0048,60.8,0.037,224.1,60.8,117.7,1,1,1,0.4903,0.2798,0.0,0.0,0.2105,1,1.0,1.0133,0.9998,1.0,1.0,0.9992,0.5707,0.2241,1,,False,
SRAM_F1_M6_S2_0C_1P0V_0189,C_0C_1P0V,ood,1.0,0.0,1,resistive_open,M6,500.0,0.0048,62.1,0.037,224.1,60.8,117.7,1,1,1,0.4903,0.2798,0.0,0.0001,0.2105,1,1.0,1.0341,0.9993,1.0,1.0,0.9791,0.5707,0.224,1,,False,
SRAM_F1_M6_S3_0C_1P0V_0190,C_0C_1P0V,ood,1.0,0.0,1,resistive_open,M6,1000.0,0.0048,64.7,0.037,223.9,60.8,117.7,1,1,1,0.4903,0.2798,0.0,0.0001,0.2105,1,1.0,1.0766,0.9987,1.0,1.0,0.9412,0.5707,0.2239,1,,False,
SRAM_F1_M6_S4_0C_1P0V_0191,C_0C_1P0V,ood,1.0,0.0,1,resistive_open,M6,2000.0,0.0048,69.4,0.037,223.6,60.8,117.7,1,1,1,0.4903,0.2798,0.0,0.0003,0.2105,1,1.0,1.1557,0.9975,1.0,1.0,0.8768,0.5707,0.2236,1,,False,
SRAM_F1_M6_S5_0C_1P0V_0192,C_0C_1P0V,ood,1.0,0.0,1,resistive_open,M6,5000.0,0.0048,83.9,0.037,222.5,61.0,117.7,1,1,1,0.4903,0.2798,0.0,0.0007,0.2105,1,1.0,1.3972,0.9924,1.0,1.0,0.7271,0.5707,0.2225,1,,False,
SRAM_F1_M6_S6_0C_1P0V_0193,C_0C_1P0V,ood,1.0,0.0,1,resistive_open,M6,10000.0,0.0048,111.5,0.037,210.5,62.3,117.7,1,1,1,0.4903,0.2798,0.0,0.0013,0.2105,1,1.0,1.8576,0.9389,1.0,1.0,0.5585,0.5707,0.2105,1,,False,
SRAM_F2_Q_Qb_S1_0C_1P0V_0194,C_0C_1P0V,ood,1.0,0.0,2,bridging,Q_Qb,500.0,18.9101,20000.0,0.047,0.0,20000.0,502.6,0,0,0,0.0,0.0,0.0,0.0,0.0,0,3939.6042,333.0558,0.0,0.0,0.0,1.0,0.0,0.0,0,snm_nonmonotonic,False,
SRAM_F2_Q_Qb_S2_0C_1P0V_0195,C_0C_1P0V,ood,1.0,0.0,2,bridging,Q_Qb,1000.0,4.4615,20000.0,0.033,0.0,20000.0,502.6,0,0,0,0.0,0.0,0.0,0.0,0.0,0,929.4792,333.0558,0.0,0.0,0.0,1.0,0.0,0.0,0,snm_nonmonotonic,False,
SRAM_F2_Q_Qb_S3_0C_1P0V_0196,C_0C_1P0V,ood,1.0,0.0,2,bridging,Q_Qb,2000.0,3.3701,20000.0,0.032,0.0,20000.0,502.6,0,0,0,0.0,0.0,0.0,0.0,0.0,0,702.1042,333.0558,0.0,0.0,0.0,1.0,0.0,0.0,0,snm_nonmonotonic,False,
SRAM_F2_Q_Qb_S4_0C_1P0V_0197,C_0C_1P0V,ood,1.0,0.0,2,bridging,Q_Qb,5000.0,0.4312,20000.0,0.029,0.0,20000.0,502.6,0,0,0,0.0,0.0,0.0,0.0,0.0,0,89.8333,333.0558,0.0,0.0,0.0,1.0,0.0,0.0,0,snm_nonmonotonic,False,
SRAM_F2_Q_Qb_S5_0C_1P0V_0198,C_0C_1P0V,ood,1.0,0.0,2,bridging,Q_Qb,10000.0,0.3401,20000.0,0.027,0.0,20000.0,502.6,0,0,0,0.0,0.0,0.0,0.0,0.0,0,70.8542,333.0558,0.0,0.0,0.0,1.0,0.0,0.0,0,snm_nonmonotonic,False,
SRAM_F3_storage_pair_S1_0C_1P0V_0199,C_0C_1P0V,ood,1.0,0.0,3,vth_drift_storage_pair,storage_pair,5.0,0.0026,59.8,0.035,219.6,61.4,121.3,1,1,1,0.486,0.0,0.0,0.0,0.486,0,0.5417,0.9958,0.9795,0.9912,0.0,1.0268,0.0,0.2196,0,snm_nonmonotonic,False,
SRAM_F3_storage_pair_S2_0C_1P0V_0200,C_0C_1P0V,ood,1.0,0.0,3,vth_drift_storage_pair,storage_pair,10.0,0.0008,59.6,0.033,214.8,62.0,125.1,1,1,1,0.463,0.2467,0.0,0.0,0.2163,1,0.1667,0.9925,0.9581,0.9443,0.8817,1.0403,0.5328,0.2148,1,,False,
SRAM_F3_storage_pair_S3_0C_1P0V_0201,C_0C_1P0V,ood,1.0,0.0,3,vth_drift_storage_pair,storage_pair,15.0,0.0005,59.4,0.03,209.8,62.7,129.2,1,1,1,0.441,0.2245,0.0,0.0,0.2165,1,0.1042,0.9892,0.9358,0.8994,0.8024,1.0556,0.5091,0.2098,1,,False,
SRAM_F3_storage_pair_S4_0C_1P0V_0202,C_0C_1P0V,ood,1.0,0.0,3,vth_drift_storage_pair,storage_pair,20.0,0.0014,59.2,0.026,204.4,63.4,133.6,1,1,1,0.418,0.0,0.0,0.0,0.418,0,0.2917,0.9867,0.9117,0.8525,0.0,1.07,0.0,0.2044,0,snm_nonmonotonic,False,
SRAM_F3_storage_pair_S5_0C_1P0V_0203,C_0C_1P0V,ood,1.0,0.0,3,vth_drift_storage_pair,storage_pair,25.0,0.002,59.3,0.023,198.8,64.3,138.5,1,1,1,0.396,0.0,0.0,0.0,0.396,0,0.4167,0.9875,0.8867,0.8077,0.0,1.0843,0.0,0.1988,0,snm_nonmonotonic,False,
SRAM_F4_access_pair_S1_0C_1P0V_0205,C_0C_1P0V,ood,1.0,0.0,4,vth_drift_access,access_pair,5.0,0.0048,62.6,0.033,206.9,63.9,109.4,1,1,1,0.4903,0.2893,0.0,0.0,0.201,1,1.0,1.0433,0.9228,1.0,1.034,1.02,0.59,0.2069,1,,False,
SRAM_F4_access_pair_S2_0C_1P0V_0206,C_0C_1P0V,ood,1.0,0.0,4,vth_drift_access,access_pair,10.0,0.0048,65.8,0.032,190.1,67.4,101.3,1,1,1,0.4903,0.2988,0.0,0.0,0.1915,1,1.0,1.0958,0.8479,1.0,1.0679,1.0243,0.6094,0.1901,1,,False,
SRAM_F4_access_pair_S3_0C_1P0V_0207,C_0C_1P0V,ood,1.0,0.0,4,vth_drift_access,access_pair,15.0,0.0048,69.5,0.033,173.9,71.2,93.4,1,1,1,0.4903,0.3084,0.0,0.0,0.1819,1,1.0,1.1574,0.7756,1.0,1.1022,1.0245,0.629,0.1739,1,,False,
SRAM_F4_access_pair_S4_0C_1P0V_0208,C_0C_1P0V,ood,1.0,0.0,4,vth_drift_access,access_pair,20.0,0.0048,73.2,0.034,158.3,75.4,85.7,1,1,1,0.4903,0.3179,0.0,0.0,0.1724,1,1.0,1.2198,0.7061,1.0,1.1362,1.0294,0.6484,0.1583,1,,False,
SRAM_F4_access_pair_S5_0C_1P0V_0209,C_0C_1P0V,ood,1.0,0.0,4,vth_drift_access,access_pair,25.0,0.0048,77.7,0.029,143.5,80.0,78.3,1,1,1,0.4903,0.3274,0.0,0.0,0.1629,1,1.0,1.2931,0.6401,1.0,1.1701,1.0303,0.6678,0.1435,1,,False,
SRAM_F4_access_pair_S6_0C_1P0V_0210,C_0C_1P0V,ood,1.0,0.0,4,vth_drift_access,access_pair,30.0,0.0048,83.2,0.031,129.2,85.3,71.1,1,1,1,0.4903,0.3369,0.0,0.0,0.1534,1,1.0,1.3847,0.5763,1.0,1.2041,1.0259,0.6871,0.1292,1,,False,
SRAM_F0_S0_27C_1P0V_0211,C_27C_1P0V,in_distribution,1.0,27.0,0,healthy,none,0.0,0.0042,60.2,0.035,224.8,60.0,125.0,1,1,1,0.4701,0.2637,0.0,0.0,0.2064,1,1.0,1.0,1.0,1.0,1.0,0.9959,0.5609,0.2248,1,,False,
SRAM_F1_M5_S1_27C_1P0V_0212,C_27C_1P0V,in_distribution,1.0,27.0,1,resistive_open,M5,200.0,0.0042,61.0,0.035,224.8,60.0,125.0,1,1,1,0.4701,0.2637,0.0,0.0,0.2064,1,1.0,1.0124,0.9998,1.0,1.0,0.9836,0.5609,0.2248,1,,False,
SRAM_F1_M5_S2_27C_1P0V_0213,C_27C_1P0V,in_distribution,1.0,27.0,1,resistive_open,M5,500.0,0.0042,62.2,0.035,224.7,60.0,125.0,1,1,1,0.4701,0.2637,0.0,0.0001,0.2064,1,1.0,1.0324,0.9993,1.0,1.0,0.9646,0.5609,0.2247,1,,False,
SRAM_F1_M5_S3_27C_1P0V_0214,C_27C_1P0V,in_distribution,1.0,27.0,1,resistive_open,M5,1000.0,0.0042,64.1,0.035,224.5,60.0,125.0,1,1,1,0.4701,0.2637,0.0,0.0002,0.2064,1,1.0,1.0639,0.9987,1.0,1.0,0.9368,0.5609,0.2245,1,,False,
SRAM_F1_M5_S4_27C_1P0V_0215,C_27C_1P0V,in_distribution,1.0,27.0,1,resistive_open,M5,2000.0,0.0042,67.5,0.035,224.2,60.0,125.0,1,1,1,0.4701,0.2637,0.0,0.0003,0.2064,1,1.0,1.1212,0.9976,1.0,1.0,0.889,0.5609,0.2243,1,,False,
SRAM_F1_M5_S5_27C_1P0V_0216,C_27C_1P0V,in_distribution,1.0,27.0,1,resistive_open,M5,5000.0,0.0042,78.3,0.035,222.8,60.2,125.0,1,1,1,0.4701,0.2637,0.0,0.0008,0.2064,1,1.0,1.3004,0.9909,1.0,1.0,0.7683,0.5609,0.2228,1,,False,
SRAM_F1_M5_S6_27C_1P0V_0217,C_27C_1P0V,in_distribution,1.0,27.0,1,resistive_open,M5,10000.0,0.0042,100.2,0.035,210.2,61.6,125.0,1,1,1,0.4701,0.2637,0.0,0.0017,0.2064,1,1.0,1.6631,0.9351,1.0,1.0,0.6153,0.5609,0.2102,1,,False,
SRAM_F1_M6_S1_27C_1P0V_0218,C_27C_1P0V,in_distribution,1.0,27.0,1,resistive_open,M6,200.0,0.0042,61.1,0.035,224.8,60.0,125.0,1,1,1,0.4701,0.2637,0.0,0.0,0.2064,1,1.0,1.0141,0.9998,1.0,1.0,0.982,0.5609,0.2248,1,,False,
SRAM_F1_M6_S2_27C_1P0V_0219,C_27C_1P0V,in_distribution,1.0,27.0,1,resistive_open,M6,500.0,0.0042,62.4,0.035,224.7,60.0,125.0,1,1,1,0.4701,0.2637,0.0,0.0001,0.2064,1,1.0,1.0357,0.9993,1.0,1.0,0.9615,0.5609,0.2247,1,,False,
SRAM_F1_M6_S3_27C_1P0V_0220,C_27C_1P0V,in_distribution,1.0,27.0,1,resistive_open,M6,1000.0,0.0042,64.8,0.035,224.5,60.0,125.0,1,1,1,0.4701,0.2637,0.0,0.0002,0.2064,1,1.0,1.0747,0.9987,1.0,1.0,0.9274,0.5609,0.2245,1,,False,
SRAM_F1_M6_S4_27C_1P0V_0221,C_27C_1P0V,in_distribution,1.0,27.0,1,resistive_open,M6,2000.0,0.0042,69.3,0.035,224.2,60.0,125.0,1,1,1,0.4701,0.2637,0.0,0.0003,0.2064,1,1.0,1.151,0.9976,1.0,1.0,0.8659,0.5609,0.2243,1,,False,
SRAM_F1_M6_S5_27C_1P0V_0222,C_27C_1P0V,in_distribution,1.0,27.0,1,resistive_open,M6,5000.0,0.0042,83.4,0.035,222.8,60.2,125.0,1,1,1,0.4701,0.2637,0.0,0.0008,0.2064,1,1.0,1.3842,0.9909,1.0,1.0,0.7218,0.5609,0.2228,1,,False,
SRAM_F1_M6_S6_27C_1P0V_0223,C_27C_1P0V,in_distribution,1.0,27.0,1,resistive_open,M6,10000.0,0.0042,110.2,0.035,210.2,61.6,125.0,1,1,1,0.4701,0.2637,0.0,0.0017,0.2064,1,1.0,1.829,0.9351,1.0,1.0,0.5594,0.5609,0.2102,1,,False,
SRAM_F2_Q_Qb_S1_27C_1P0V_0224,C_27C_1P0V,in_distribution,1.0,27.0,2,bridging,Q_Qb,500.0,17.974,20000.0,0.045,0.0,20000.0,499.4,0,0,0,0.0,0.0,0.0,0.0,0.0,0,4279.5238,331.9502,0.0,0.0,0.0,1.0,0.0,0.0,0,snm_nonmonotonic,False,
SRAM_F2_Q_Qb_S2_27C_1P0V_0225,C_27C_1P0V,in_distribution,1.0,27.0,2,bridging,Q_Qb,1000.0,10.6708,20000.0,0.039,0.0,20000.0,499.4,0,0,0,0.0,0.0,0.0,0.0,0.0,0,2540.6667,331.9502,0.0,0.0,0.0,1.0,0.0,0.0,0,snm_nonmonotonic,False,
SRAM_F2_Q_Qb_S3_27C_1P0V_0226,C_27C_1P0V,in_distribution,1.0,27.0,2,bridging,Q_Qb,2000.0,4.3383,20000.0,0.033,0.0,20000.0,499.4,0,0,0,0.0,0.0,0.0,0.0,0.0,0,1032.9286,331.9502,0.0,0.0,0.0,1.0,0.0,0.0,0,snm_nonmonotonic,False,
SRAM_F2_Q_Qb_S4_27C_1P0V_0227,C_27C_1P0V,in_distribution,1.0,27.0,2,bridging,Q_Qb,5000.0,1.1756,20000.0,0.028,0.0,20000.0,499.4,0,0,0,0.0,0.0,0.0,0.0,0.0,0,279.9048,331.9502,0.0,0.0,0.0,1.0,0.0,0.0,0,snm_nonmonotonic,False,
SRAM_F3_storage_pair_S1_27C_1P0V_0229,C_27C_1P0V,in_distribution,1.0,27.0,3,vth_drift_storage_pair,storage_pair,5.0,0.0042,60.0,0.033,220.5,60.5,128.5,1,1,1,0.4835,0.2658,0.0,0.0,0.2177,1,1.0,0.9967,0.9809,1.0285,1.008,1.0075,0.5497,0.2205,1,,False,
SRAM_F3_storage_pair_S2_27C_1P0V_0230,C_27C_1P0V,in_distribution,1.0,27.0,3,vth_drift_storage_pair,storage_pair,10.0,0.0041,59.8,0.03,216.1,61.1,132.3,1,1,1,0.4968,0.2664,0.0,0.0,0.2304,1,0.9762,0.9925,0.9613,1.0568,1.0102,1.0217,0.5362,0.2161,1,,False,
SRAM_F3_storage_pair_S3_27C_1P0V_0231,C_27C_1P0V,in_distribution,1.0,27.0,3,vth_drift_storage_pair,storage_pair,15.0,0.0038,59.5,0.028,211.4,61.7,136.3,1,1,1,0.482,0.2485,0.0,0.0,0.2335,1,0.9048,0.9884,0.9404,1.0253,0.9424,1.0361,0.5156,0.2114,1,,False,
SRAM_F3_storage_pair_S4_27C_1P0V_0232,C_27C_1P0V,in_distribution,1.0,27.0,3,vth_drift_storage_pair,storage_pair,20.0,0.0035,59.4,0.024,206.4,62.4,140.7,1,1,1,0.459,0.2257,0.0,0.0,0.2333,1,0.8333,0.9851,0.9181,0.9764,0.8559,1.0514,0.4917,0.2064,1,,False,
SRAM_F3_storage_pair_S5_27C_1P0V_0233,C_27C_1P0V,in_distribution,1.0,27.0,3,vth_drift_storage_pair,storage_pair,25.0,0.0027,59.1,0.023,201.2,63.2,145.4,1,1,1,0.437,0.0,0.0,0.0,0.437,0,0.6429,0.9801,0.895,0.9296,0.0,1.0703,0.0,0.2012,0,snm_nonmonotonic,False,
SRAM_F3_storage_pair_S6_27C_1P0V_0234,C_27C_1P0V,in_distribution,1.0,27.0,3,vth_drift_storage_pair,storage_pair,30.0,0.002,59.0,0.022,195.7,64.1,150.5,1,1,1,0.414,0.0,0.0,0.0,0.414,0,0.4762,0.9784,0.8706,0.8807,0.0,1.0874,0.0,0.1957,0,snm_nonmonotonic,False,
SRAM_F4_access_pair_S1_27C_1P0V_0235,C_27C_1P0V,in_distribution,1.0,27.0,4,vth_drift_access,access_pair,5.0,0.0042,63.0,0.034,208.3,63.0,116.7,1,1,1,0.4701,0.2731,0.0,0.0,0.197,1,1.0,1.0456,0.9266,1.0,1.0356,1.0,0.5809,0.2083,1,,False,
SRAM_F4_access_pair_S2_27C_1P0V_0236,C_27C_1P0V,in_distribution,1.0,27.0,4,vth_drift_access,access_pair,10.0,0.0042,66.2,0.032,192.4,66.3,108.6,1,1,1,0.4701,0.2824,0.0,0.0,0.1877,1,1.0,1.0988,0.8559,1.0,1.0709,1.0015,0.6007,0.1924,1,,False,
SRAM_F4_access_pair_S3_27C_1P0V_0237,C_27C_1P0V,in_distribution,1.0,27.0,4,vth_drift_access,access_pair,15.0,0.0042,69.9,0.032,177.0,69.9,100.7,1,1,1,0.4701,0.2918,0.0,0.0,0.1783,1,1.0,1.1602,0.7874,1.0,1.1066,1.0,0.6207,0.177,1,,False,
SRAM_F4_access_pair_S4_27C_1P0V_0238,C_27C_1P0V,in_distribution,1.0,27.0,4,vth_drift_access,access_pair,20.0,0.0042,73.5,0.035,162.1,73.9,93.0,1,1,1,0.4701,0.3012,0.0,0.0,0.1689,1,1.0,1.2199,0.7211,1.0,1.1422,1.0054,0.6407,0.1621,1,,False,
SRAM_F4_access_pair_S6_27C_1P0V_0240,C_27C_1P0V,in_distribution,1.0,27.0,4,vth_drift_access,access_pair,30.0,0.0042,82.8,0.032,134.1,83.1,78.3,1,1,1,0.4701,0.3198,0.0,0.0,0.1503,1,1.0,1.3734,0.5965,1.0,1.2127,1.0042,0.6803,0.1341,1,,False,
SRAM_F0_S0_75C_1P0V_0241,C_75C_1P0V,ood,1.0,75.0,0,healthy,none,0.0,0.8553,59.7,0.033,230.0,57.8,138.3,1,1,1,0.4319,0.2298,0.0,0.0,0.2021,1,1.0,1.0,1.0,1.0,1.0,0.9682,0.5321,0.23,1,,False,
SRAM_F1_M5_S1_75C_1P0V_0242,C_75C_1P0V,ood,1.0,75.0,1,resistive_open,M5,200.0,0.8553,60.5,0.033,229.9,57.8,138.3,1,1,1,0.4319,0.2298,0.0,0.0,0.2021,1,1.0,1.0134,0.9998,1.0,1.0,0.9562,0.5321,0.2299,1,,False,
SRAM_F1_M5_S2_75C_1P0V_0243,C_75C_1P0V,ood,1.0,75.0,1,resistive_open,M5,500.0,0.8553,61.7,0.033,229.9,57.8,138.3,1,1,1,0.4319,0.2298,0.0,0.0001,0.2021,1,1.0,1.0327,0.9996,1.0,1.0,0.9384,0.5321,0.2299,1,,False,
SRAM_F1_M5_S3_75C_1P0V_0244,C_75C_1P0V,ood,1.0,75.0,1,resistive_open,M5,1000.0,0.8553,63.5,0.033,229.8,57.8,138.3,1,1,1,0.4319,0.2298,0.0,0.0002,0.2021,1,1.0,1.0637,0.9989,1.0,1.0,0.911,0.5321,0.2298,1,,False,
SRAM_F1_M5_S4_75C_1P0V_0245,C_75C_1P0V,ood,1.0,75.0,1,resistive_open,M5,2000.0,0.8553,67.0,0.033,229.3,57.9,138.3,1,1,1,0.4319,0.2298,0.0,0.0004,0.2021,1,1.0,1.1214,0.9972,1.0,1.0,0.8648,0.5321,0.2293,1,,False,
SRAM_F1_M5_S5_75C_1P0V_0246,C_75C_1P0V,ood,1.0,75.0,1,resistive_open,M5,5000.0,0.8553,77.5,0.033,226.8,58.1,138.3,1,1,1,0.4319,0.2298,0.0,0.0011,0.2021,1,1.0,1.2982,0.9861,1.0,1.0,0.7503,0.5321,0.2268,1,,False,
SRAM_F1_M5_S6_75C_1P0V_0247,C_75C_1P0V,ood,1.0,75.0,1,resistive_open,M5,10000.0,0.8553,99.5,0.033,212.8,59.9,138.3,1,1,1,0.4319,0.2298,0.0,0.0022,0.2021,1,1.0,1.6658,0.925,1.0,1.0,0.6023,0.5321,0.2127,1,,False,
SRAM_F1_M6_S1_75C_1P0V_0248,C_75C_1P0V,ood,1.0,75.0,1,resistive_open,M6,200.0,0.8553,60.5,0.033,229.9,57.8,138.3,1,1,1,0.4319,0.2298,0.0,0.0,0.2021,1,1.0,1.0134,0.9998,1.0,1.0,0.9562,0.5321,0.2299,1,,False,
SRAM_F1_M6_S2_75C_1P0V_0249,C_75C_1P0V,ood,1.0,75.0,1,resistive_open,M6,500.0,0.8553,61.8,0.033,229.9,57.8,138.3,1,1,1,0.4319,0.2298,0.0,0.0001,0.2021,1,1.0,1.0343,0.9996,1.0,1.0,0.9368,0.5321,0.2299,1,,False,
SRAM_F1_M6_S3_75C_1P0V_0250,C_75C_1P0V,ood,1.0,75.0,1,resistive_open,M6,1000.0,0.8553,63.9,0.033,229.8,57.8,138.3,1,1,1,0.4319,0.2298,0.0,0.0002,0.2021,1,1.0,1.0704,0.9989,1.0,1.0,0.9053,0.5321,0.2298,1,,False,
SRAM_F1_M6_S4_75C_1P0V_0251,C_75C_1P0V,ood,1.0,75.0,1,resistive_open,M6,2000.0,0.8553,68.1,0.033,229.3,57.9,138.3,1,1,1,0.4319,0.2298,0.0,0.0004,0.2021,1,1.0,1.1407,0.9972,1.0,1.0,0.8502,0.5321,0.2293,1,,False,
SRAM_F1_M6_S5_75C_1P0V_0252,C_75C_1P0V,ood,1.0,75.0,1,resistive_open,M6,5000.0,0.8553,81.1,0.033,226.8,58.1,138.3,1,1,1,0.4319,0.2298,0.0,0.0011,0.2021,1,1.0,1.3585,0.9861,1.0,1.0,0.717,0.5321,0.2268,1,,False,
SRAM_F1_M6_S6_75C_1P0V_0253,C_75C_1P0V,ood,1.0,75.0,1,resistive_open,M6,10000.0,0.8553,106.2,0.033,212.8,59.9,138.3,1,1,1,0.4319,0.2298,0.0,0.0022,0.2021,1,1.0,1.7797,0.925,1.0,1.0,0.5638,0.5321,0.2127,1,,False,
SRAM_F2_Q_Qb_S1_75C_1P0V_0254,C_75C_1P0V,ood,1.0,75.0,2,bridging,Q_Qb,500.0,6.7964,20000.0,0.043,0.0,20000.0,489.4,0,0,0,0.0,0.0,0.0,0.0,0.0,0,7.9462,335.0084,0.0,0.0,0.0,1.0,0.0,0.0,0,snm_nonmonotonic,False,
SRAM_F2_Q_Qb_S3_75C_1P0V_0256,C_75C_1P0V,ood,1.0,75.0,2,bridging,Q_Qb,2000.0,6.5495,20000.0,0.03,0.0,20000.0,489.4,0,0,0,0.0,0.0,0.0,0.0,0.0,0,7.6575,335.0084,0.0,0.0,0.0,1.0,0.0,0.0,0,snm_nonmonotonic,False,
SRAM_F2_Q_Qb_S4_75C_1P0V_0257,C_75C_1P0V,ood,1.0,75.0,2,bridging,Q_Qb,5000.0,4.8015,20000.0,0.031,0.0,20000.0,489.4,0,0,0,0.0,0.0,0.0,0.0,0.0,0,5.6138,335.0084,0.0,0.0,0.0,1.0,0.0,0.0,0,snm_nonmonotonic,False,
SRAM_F2_Q_Qb_S5_75C_1P0V_0258,C_75C_1P0V,ood,1.0,75.0,2,bridging,Q_Qb,10000.0,4.5224,20000.0,0.031,0.0,20000.0,489.4,0,0,0,0.0,0.0,0.0,0.0,0.0,0,5.2875,335.0084,0.0,0.0,0.0,1.0,0.0,0.0,0,snm_nonmonotonic,False,
SRAM_F3_storage_pair_S1_75C_1P0V_0259,C_75C_1P0V,ood,1.0,75.0,3,vth_drift_storage_pair,storage_pair,5.0,0.4893,59.5,0.031,225.9,58.4,141.8,1,1,1,0.4453,0.234,0.0,0.0,0.2113,1,0.5721,0.9975,0.9822,1.031,1.0183,0.9807,0.5255,0.2259,1,,False,
SRAM_F3_storage_pair_S2_75C_1P0V_0260,C_75C_1P0V,ood,1.0,75.0,3,vth_drift_storage_pair,storage_pair,10.0,0.785,59.2,0.028,222.0,58.8,145.4,1,1,1,0.4587,0.2375,0.0,0.0,0.2212,1,0.9178,0.9925,0.9652,1.0621,1.0335,0.9924,0.5178,0.222,1,,False,
SRAM_F3_storage_pair_S3_75C_1P0V_0261,C_75C_1P0V,ood,1.0,75.0,3,vth_drift_storage_pair,storage_pair,15.0,0.988,59.0,0.028,217.9,59.4,149.3,1,1,1,0.472,0.2402,0.0,0.0,0.2318,1,1.1552,0.9874,0.9474,1.0928,1.0453,1.0076,0.5089,0.2179,1,,False,
SRAM_F3_storage_pair_S4_75C_1P0V_0262,C_75C_1P0V,ood,1.0,75.0,3,vth_drift_storage_pair,storage_pair,20.0,0.0082,58.7,0.025,213.5,60.0,153.5,1,1,1,0.4852,0.2417,0.0,0.0,0.2435,1,0.0096,0.9824,0.9283,1.1234,1.0518,1.023,0.4981,0.2135,1,,False,
SRAM_F3_storage_pair_S5_75C_1P0V_0263,C_75C_1P0V,ood,1.0,75.0,3,vth_drift_storage_pair,storage_pair,25.0,0.0055,58.4,0.024,208.9,60.6,157.9,1,1,1,0.495,0.2417,0.0,0.0,0.2533,1,0.0064,0.9774,0.9083,1.1461,1.0518,1.0386,0.4883,0.2089,1,,False,
SRAM_F3_storage_pair_S6_75C_1P0V_0264,C_75C_1P0V,ood,1.0,75.0,3,vth_drift_storage_pair,storage_pair,30.0,0.0035,58.1,0.023,204.1,61.3,162.7,1,1,1,0.4772,0.2257,0.0,0.0,0.2515,1,0.0041,0.9724,0.8874,1.1049,0.9822,1.056,0.473,0.2041,1,,False,
SRAM_F4_access_pair_S1_75C_1P0V_0265,C_75C_1P0V,ood,1.0,75.0,4,vth_drift_access,access_pair,5.0,0.8553,62.6,0.034,214.7,60.7,130.1,1,1,1,0.4319,0.2389,0.0,0.0,0.193,1,1.0,1.0486,0.9335,1.0,1.0396,0.9696,0.5531,0.2147,1,,False,
SRAM_F4_access_pair_S2_75C_1P0V_0266,C_75C_1P0V,ood,1.0,75.0,4,vth_drift_access,access_pair,10.0,0.8553,65.8,0.033,199.8,63.8,122.0,1,1,1,0.4319,0.248,0.0,0.0,0.1839,1,1.0,1.1013,0.8687,1.0,1.0792,0.9703,0.5742,0.1998,1,,False,
SRAM_F4_access_pair_S4_75C_1P0V_0268,C_75C_1P0V,ood,1.0,75.0,4,vth_drift_access,access_pair,20.0,0.8553,73.0,0.034,171.4,70.6,106.4,1,1,1,0.4319,0.2661,0.0,0.0,0.1658,1,1.0,1.2219,0.7452,1.0,1.158,0.9678,0.6161,0.1714,1,,False,
SRAM_F4_access_pair_S5_75C_1P0V_0269,C_75C_1P0V,ood,1.0,75.0,4,vth_drift_access,access_pair,25.0,0.8553,76.7,0.032,157.9,74.5,98.9,1,1,1,0.4319,0.2751,0.0,0.0,0.1568,1,1.0,1.2848,0.6865,1.0,1.1971,0.9713,0.637,0.1579,1,,False,
SRAM_F4_access_pair_S6_75C_1P0V_0270,C_75C_1P0V,ood,1.0,75.0,4,vth_drift_access,access_pair,30.0,0.8553,81.3,0.031,144.9,78.7,91.6,1,1,1,0.4319,0.2842,0.0,0.0,0.1477,1,1.0,1.3626,0.63,1.0,1.2367,0.9674,0.658,0.1449,1,,False,
SRAM_F0_S0_125C_1P0V_0271,C_125C_1P0V,ood,1.0,125.0,0,healthy,none,0.0,0.502,57.8,0.034,240.5,54.7,152.4,1,1,1,0.3899,0.1902,0.0,0.0,0.1997,1,1.0,1.0,1.0,1.0,1.0,0.9455,0.4878,0.2405,1,,False,
SRAM_F1_M5_S1_125C_1P0V_0272,C_125C_1P0V,ood,1.0,125.0,1,resistive_open,M5,200.0,0.502,58.6,0.034,240.4,54.7,152.4,1,1,1,0.3899,0.1902,0.0,0.0001,0.1997,1,1.0,1.0138,0.9996,1.0,1.0,0.9327,0.4878,0.2404,1,,False,
SRAM_F1_M5_S2_125C_1P0V_0273,C_125C_1P0V,ood,1.0,125.0,1,resistive_open,M5,500.0,0.502,59.8,0.034,240.2,54.8,152.4,1,1,1,0.3899,0.1902,0.0,0.0001,0.1997,1,1.0,1.0337,0.999,1.0,1.0,0.9156,0.4878,0.2402,1,,False,
SRAM_F1_M5_S3_125C_1P0V_0274,C_125C_1P0V,ood,1.0,125.0,1,resistive_open,M5,1000.0,0.502,61.6,0.034,239.9,54.8,152.4,1,1,1,0.3899,0.1902,0.0,0.0003,0.1997,1,1.0,1.0657,0.9977,1.0,1.0,0.8881,0.4878,0.2399,1,,False,
SRAM_F1_M6_S1_125C_1P0V_0278,C_125C_1P0V,ood,1.0,125.0,1,resistive_open,M6,200.0,0.502,58.7,0.034,240.4,54.7,152.4,1,1,1,0.3899,0.1902,0.0,0.0001,0.1997,1,1.0,1.0138,0.9996,1.0,1.0,0.9327,0.4878,0.2404,1,,False,
SRAM_F1_M6_S2_125C_1P0V_0279,C_125C_1P0V,ood,1.0,125.0,1,resistive_open,M6,500.0,0.502,59.9,0.034,240.2,54.8,152.4,1,1,1,0.3899,0.1902,0.0,0.0001,0.1997,1,1.0,1.0354,0.999,1.0,1.0,0.914,0.4878,0.2402,1,,False,
SRAM_F1_M6_S3_125C_1P0V_0280,C_125C_1P0V,ood,1.0,125.0,1,resistive_open,M6,1000.0,0.502,61.8,0.034,239.9,54.8,152.4,1,1,1,0.3899,0.1902,0.0,0.0003,0.1997,1,1.0,1.0683,0.9977,1.0,1.0,0.8859,0.4878,0.2399,1,,False,
SRAM_F1_M6_S4_125C_1P0V_0281,C_125C_1P0V,ood,1.0,125.0,1,resistive_open,M6,2000.0,0.502,65.6,0.034,239.3,54.8,152.4,1,1,1,0.3899,0.1902,0.0,0.0005,0.1997,1,1.0,1.134,0.995,1.0,1.0,0.8354,0.4878,0.2393,1,,False,
SRAM_F1_M6_S5_125C_1P0V_0282,C_125C_1P0V,ood,1.0,125.0,1,resistive_open,M6,5000.0,0.502,77.4,0.034,234.9,55.2,152.4,1,1,1,0.3899,0.1902,0.0,0.0013,0.1997,1,1.0,1.3379,0.9769,1.0,1.0,0.7138,0.4878,0.2349,1,,False,
SRAM_F1_M6_S6_125C_1P0V_0283,C_125C_1P0V,ood,1.0,125.0,1,resistive_open,M6,10000.0,0.502,101.4,0.034,219.2,57.2,152.4,1,1,1,0.3899,0.1902,0.0,0.0039,0.1997,1,1.0,1.7519,0.9112,1.0,1.0,0.5649,0.4878,0.2192,1,,False,
SRAM_F2_Q_Qb_S1_125C_1P0V_0284,C_125C_1P0V,ood,1.0,125.0,2,bridging,Q_Qb,500.0,24.477,20000.0,0.046,0.0,20000.0,475.1,0,0,0,0.0,0.0,0.0,0.0,0.0,0,48.759,345.7217,0.0,0.0,0.0,1.0,0.0,0.0,0,snm_nonmonotonic,False,
SRAM_F2_Q_Qb_S2_125C_1P0V_0285,C_125C_1P0V,ood,1.0,125.0,2,bridging,Q_Qb,1000.0,4.833,20000.0,0.036,0.0,20000.0,475.1,0,0,0,0.0,0.0,0.0,0.0,0.0,0,9.6275,345.7217,0.0,0.0,0.0,1.0,0.0,0.0,0,snm_nonmonotonic,False,
SRAM_F2_Q_Qb_S3_125C_1P0V_0286,C_125C_1P0V,ood,1.0,125.0,2,bridging,Q_Qb,2000.0,10.614,20000.0,0.032,0.0,20000.0,475.1,0,0,0,0.0,0.0,0.0,0.0,0.0,0,21.1434,345.7217,0.0,0.0,0.0,1.0,0.0,0.0,0,snm_nonmonotonic,False,
SRAM_F2_Q_Qb_S4_125C_1P0V_0287,C_125C_1P0V,ood,1.0,125.0,2,bridging,Q_Qb,5000.0,10.3466,20000.0,0.032,0.0,20000.0,475.1,0,0,0,0.0,0.0,0.0,0.0,0.0,0,20.6108,345.7217,0.0,0.0,0.0,1.0,0.0,0.0,0,snm_nonmonotonic,False,
SRAM_F2_Q_Qb_S5_125C_1P0V_0288,C_125C_1P0V,ood,1.0,125.0,2,bridging,Q_Qb,10000.0,10.1302,20000.0,0.031,0.0,20000.0,475.1,0,0,0,0.0,0.0,0.0,0.0,0.0,0,20.1797,345.7217,0.0,0.0,0.0,1.0,0.0,0.0,0,snm_nonmonotonic,False,
SRAM_F3_storage_pair_S1_125C_1P0V_0289,C_125C_1P0V,ood,1.0,125.0,3,vth_drift_storage_pair,storage_pair,5.0,0.1675,57.6,0.032,236.7,55.2,155.8,1,1,1,0.4032,0.1953,0.0,0.0,0.2079,1,0.3337,0.9957,0.9842,1.0341,1.0268,0.9583,0.4844,0.2367,1,,False,
SRAM_F3_storage_pair_S2_125C_1P0V_0290,C_125C_1P0V,ood,1.0,125.0,3,vth_drift_storage_pair,storage_pair,10.0,0.1319,57.3,0.03,232.7,55.7,159.3,1,1,1,0.4165,0.2001,0.0,0.0,0.2164,1,0.2627,0.9905,0.9676,1.0682,1.0521,0.9721,0.4804,0.2327,1,,False,
SRAM_F3_storage_pair_S3_125C_1P0V_0291,C_125C_1P0V,ood,1.0,125.0,3,vth_drift_storage_pair,storage_pair,15.0,0.4013,57.0,0.029,228.7,56.2,163.1,1,1,1,0.4298,0.2045,0.0,0.0,0.2253,1,0.7994,0.9844,0.9509,1.1023,1.0752,0.9868,0.4758,0.2287,1,,False,
SRAM_F3_storage_pair_S4_125C_1P0V_0292,C_125C_1P0V,ood,1.0,125.0,3,vth_drift_storage_pair,storage_pair,20.0,0.6298,56.6,0.027,224.7,56.7,167.1,1,1,1,0.4431,0.2083,0.0,0.0,0.2348,1,1.2546,0.9784,0.9343,1.1364,1.0952,1.0018,0.4701,0.2247,1,,False,
SRAM_F3_storage_pair_S5_125C_1P0V_0293,C_125C_1P0V,ood,1.0,125.0,3,vth_drift_storage_pair,storage_pair,25.0,0.0326,56.2,0.027,220.5,57.3,171.3,1,1,1,0.4563,0.2116,0.0,0.0,0.2447,1,0.0649,0.9723,0.9168,1.1703,1.1125,1.0187,0.4637,0.2205,1,,False,
SRAM_F3_storage_pair_S6_125C_1P0V_0294,C_125C_1P0V,ood,1.0,125.0,3,vth_drift_storage_pair,storage_pair,30.0,0.5062,56.0,0.027,216.1,57.9,175.8,1,1,1,0.4693,0.214,0.0,0.0,0.2553,1,1.0084,0.9672,0.8985,1.2036,1.1251,1.0349,0.456,0.2161,1,,False,
SRAM_F4_access_pair_S1_125C_1P0V_0295,C_125C_1P0V,ood,1.0,125.0,4,vth_drift_access,access_pair,5.0,0.502,60.9,0.033,225.9,57.4,144.3,1,1,1,0.3899,0.1991,0.0,0.0,0.1908,1,1.0,1.0527,0.9393,1.0,1.0468,0.9425,0.5106,0.2259,1,,False,
SRAM_F4_access_pair_S2_125C_1P0V_0296,C_125C_1P0V,ood,1.0,125.0,4,vth_drift_access,access_pair,10.0,0.502,64.0,0.034,211.6,60.3,136.4,1,1,1,0.3899,0.2079,0.0,0.0,0.182,1,1.0,1.1072,0.8798,1.0,1.0931,0.9415,0.5332,0.2116,1,,False,
SRAM_F4_access_pair_S3_125C_1P0V_0297,C_125C_1P0V,ood,1.0,125.0,4,vth_drift_access,access_pair,15.0,0.502,67.3,0.035,197.7,63.3,128.5,1,1,1,0.3899,0.2167,0.0,0.0,0.1732,1,1.0,1.1642,0.822,1.0,1.1393,0.9399,0.5558,0.1977,1,,False,
SRAM_F4_access_pair_S4_125C_1P0V_0298,C_125C_1P0V,ood,1.0,125.0,4,vth_drift_access,access_pair,20.0,0.502,70.7,0.035,184.3,66.4,120.9,1,1,1,0.3899,0.2254,0.0,0.0,0.1645,1,1.0,1.2213,0.7663,1.0,1.1851,0.9398,0.5781,0.1843,1,,False,
SRAM_F4_access_pair_S5_125C_1P0V_0299,C_125C_1P0V,ood,1.0,125.0,4,vth_drift_access,access_pair,25.0,0.502,74.3,0.034,171.2,69.9,113.4,1,1,1,0.3899,0.2341,0.0,0.0,0.1558,1,1.0,1.2852,0.7119,1.0,1.2308,0.9401,0.6004,0.1712,1,,False,
SRAM_F4_access_pair_S6_125C_1P0V_0300,C_125C_1P0V,ood,1.0,125.0,4,vth_drift_access,access_pair,30.0,0.502,78.5,0.033,158.6,73.6,106.1,1,1,1,0.3899,0.2427,0.0,0.0,0.1472,1,1.0,1.3561,0.6595,1.0,1.276,0.9382,0.6225,0.1586,1,,False,
SRAM_F0_S0_M40C_1P1V_0301,C_M40C_1P1V,ood,1.1,-40.0,0,healthy,none,0.0,0.0085,51.5,0.044,344.4,49.5,130.3,1,1,1,0.538,0.306,0.0,0.0,0.232,1,1.0,1.0,1.0,1.0,1.0,0.9602,0.5688,0.3131,1,,False,
SRAM_F1_M5_S1_M40C_1P1V_0302,C_M40C_1P1V,ood,1.1,-40.0,1,resistive_open,M5,200.0,0.0085,52.3,0.044,344.2,49.5,130.3,1,1,1,0.538,0.306,0.0,0.0,0.232,1,1.0,1.0145,0.9996,1.0,1.0,0.9465,0.5688,0.313,1,,False,
SRAM_F1_M5_S2_M40C_1P1V_0303,C_M40C_1P1V,ood,1.1,-40.0,1,resistive_open,M5,500.0,0.0085,53.5,0.047,344.1,49.5,130.3,1,1,1,0.538,0.306,0.0,0.0001,0.232,1,1.0,1.0369,0.9991,1.0,1.0,0.927,0.5688,0.3128,1,,False,
SRAM_F1_M5_S3_M40C_1P1V_0304,C_M40C_1P1V,ood,1.1,-40.0,1,resistive_open,M5,1000.0,0.0085,55.3,0.044,343.8,49.5,130.3,1,1,1,0.538,0.306,0.0,0.0002,0.232,1,1.0,1.0727,0.9981,1.0,1.0,0.896,0.5688,0.3125,1,,False,
SRAM_F1_M5_S4_M40C_1P1V_0305,C_M40C_1P1V,ood,1.1,-40.0,1,resistive_open,M5,2000.0,0.0085,58.9,0.044,343.1,49.6,130.3,1,1,1,0.538,0.306,0.0,0.0005,0.232,1,1.0,1.1426,0.9962,1.0,1.0,0.8421,0.5688,0.3119,1,,False,
SRAM_F1_M5_S5_M40C_1P1V_0306,C_M40C_1P1V,ood,1.1,-40.0,1,resistive_open,M5,5000.0,0.0085,69.7,0.044,334.1,49.8,130.3,1,1,1,0.538,0.306,0.0,0.0011,0.232,1,1.0,1.3521,0.9701,1.0,1.0,0.7138,0.5688,0.3037,1,,False,
SRAM_F1_M5_S6_M40C_1P1V_0307,C_M40C_1P1V,ood,1.1,-40.0,1,resistive_open,M5,10000.0,0.0085,94.8,0.044,300.4,51.4,130.3,1,1,1,0.538,0.306,0.0,0.0023,0.232,1,1.0,1.84,0.8721,1.0,1.0,0.5414,0.5688,0.273,1,,False,
SRAM_F1_M6_S1_M40C_1P1V_0308,C_M40C_1P1V,ood,1.1,-40.0,1,resistive_open,M6,200.0,0.0085,52.5,0.044,344.2,49.5,130.3,1,1,1,0.538,0.306,0.0,0.0,0.232,1,1.0,1.0175,0.9996,1.0,1.0,0.9438,0.5688,0.313,1,,False,
SRAM_F1_M6_S2_M40C_1P1V_0309,C_M40C_1P1V,ood,1.1,-40.0,1,resistive_open,M6,500.0,0.0085,53.6,0.047,344.1,49.5,130.3,1,1,1,0.538,0.306,0.0,0.0001,0.232,1,1.0,1.0398,0.9991,1.0,1.0,0.9244,0.5688,0.3128,1,,False,
SRAM_F1_M6_S3_M40C_1P1V_0310,C_M40C_1P1V,ood,1.1,-40.0,1,resistive_open,M6,1000.0,0.0085,55.5,0.044,343.8,49.5,130.3,1,1,1,0.538,0.306,0.0,0.0002,0.232,1,1.0,1.0766,0.9981,1.0,1.0,0.8928,0.5688,0.3125,1,,False,
SRAM_F1_M6_S4_M40C_1P1V_0311,C_M40C_1P1V,ood,1.1,-40.0,1,resistive_open,M6,2000.0,0.0085,60.1,0.044,343.1,49.6,130.3,1,1,1,0.538,0.306,0.0,0.0005,0.232,1,1.0,1.1659,0.9962,1.0,1.0,0.8253,0.5688,0.3119,1,,False,
SRAM_F1_M6_S5_M40C_1P1V_0312,C_M40C_1P1V,ood,1.1,-40.0,1,resistive_open,M6,5000.0,0.0085,73.6,0.044,334.1,49.8,130.3,1,1,1,0.538,0.306,0.0,0.0011,0.232,1,1.0,1.4277,0.9701,1.0,1.0,0.676,0.5688,0.3037,1,,False,
SRAM_F1_M6_S6_M40C_1P1V_0313,C_M40C_1P1V,ood,1.1,-40.0,1,resistive_open,M6,10000.0,0.0085,103.1,0.044,300.4,51.4,130.3,1,1,1,0.538,0.306,0.0,0.0023,0.232,1,1.0,2.0,0.8721,1.0,1.0,0.4981,0.5688,0.273,1,,False,
SRAM_F2_Q_Qb_S1_M40C_1P1V_0314,C_M40C_1P1V,ood,1.1,-40.0,2,bridging,Q_Qb,500.0,21.545,20000.0,0.06,0.0,20000.0,543.5,0,0,0,0.0,0.0,0.0,0.0,0.0,0,2534.7059,387.9728,0.0,0.0,0.0,1.0,0.0,0.0,0,snm_nonmonotonic,False,
SRAM_F2_Q_Qb_S2_M40C_1P1V_0315,C_M40C_1P1V,ood,1.1,-40.0,2,bridging,Q_Qb,1000.0,4.907,20000.0,0.047,0.0,20000.0,543.5,0,0,0,0.0,0.0,0.0,0.0,0.0,0,577.2941,387.9728,0.0,0.0,0.0,1.0,0.0,0.0,0,snm_nonmonotonic,False,
SRAM_F2_Q_Qb_S3_M40C_1P1V_0316,C_M40C_1P1V,ood,1.1,-40.0,2,bridging,Q_Qb,2000.0,4.4226,20000.0,0.043,0.0,20000.0,543.4,0,0,0,0.0,0.0,0.0,0.0,0.0,0,520.3059,387.9728,0.0,0.0,0.0,1.0,0.0,0.0,0,snm_nonmonotonic,False,
SRAM_F2_Q_Qb_S4_M40C_1P1V_0317,C_M40C_1P1V,ood,1.1,-40.0,2,bridging,Q_Qb,5000.0,1.1718,20000.0,0.041,0.0,20000.0,543.5,0,0,0,0.0,0.0,0.0,0.0,0.0,0,137.8588,387.9728,0.0,0.0,0.0,1.0,0.0,0.0,0,snm_nonmonotonic,False,
SRAM_F2_Q_Qb_S5_M40C_1P1V_0318,C_M40C_1P1V,ood,1.1,-40.0,2,bridging,Q_Qb,10000.0,0.3211,20000.0,0.04,0.0,20000.0,543.5,0,0,0,0.0,0.0,0.0,0.0,0.0,0,37.7765,387.9728,0.0,0.0,0.0,1.0,0.0,0.0,0,snm_nonmonotonic,False,
SRAM_F3_storage_pair_S2_M40C_1P1V_0320,C_M40C_1P1V,ood,1.1,-40.0,3,vth_drift_storage_pair,storage_pair,10.0,0.006,50.9,0.042,331.2,50.2,137.6,1,1,1,0.505,0.2699,0.0,0.0,0.2351,1,0.7059,0.9864,0.9617,0.9387,0.882,0.9872,0.5345,0.3011,1,,False,
SRAM_F3_storage_pair_S3_M40C_1P1V_0321,C_M40C_1P1V,ood,1.1,-40.0,3,vth_drift_storage_pair,storage_pair,15.0,0.0045,50.7,0.044,324.1,50.6,141.7,1,1,1,0.483,0.2477,0.0,0.0,0.2353,1,0.5294,0.9835,0.9411,0.8978,0.8095,0.998,0.5128,0.2946,1,,False,
SRAM_F3_storage_pair_S4_M40C_1P1V_0322,C_M40C_1P1V,ood,1.1,-40.0,3,vth_drift_storage_pair,storage_pair,20.0,0.0028,50.5,0.044,316.5,51.0,146.0,1,1,1,0.46,0.0,0.0,0.0,0.46,0,0.3294,0.9806,0.919,0.855,0.0,1.0089,0.0,0.2877,0,snm_nonmonotonic,False,
SRAM_F3_storage_pair_S5_M40C_1P1V_0323,C_M40C_1P1V,ood,1.1,-40.0,3,vth_drift_storage_pair,storage_pair,25.0,0.0011,50.5,0.042,308.6,51.5,150.7,1,1,1,0.438,0.0,0.0,0.0,0.438,0,0.1294,0.9806,0.8961,0.8141,0.0,1.0188,0.0,0.2805,0,snm_nonmonotonic,False,
SRAM_F3_storage_pair_S6_M40C_1P1V_0324,C_M40C_1P1V,ood,1.1,-40.0,3,vth_drift_storage_pair,storage_pair,30.0,0.0011,50.5,0.04,300.2,52.0,155.8,1,1,1,0.415,0.0,0.0,0.0,0.415,0,0.1294,0.9787,0.8717,0.7714,0.0,1.0307,0.0,0.2729,0,snm_nonmonotonic,False,
SRAM_F4_access_pair_S1_M40C_1P1V_0325,C_M40C_1P1V,ood,1.1,-40.0,4,vth_drift_access,access_pair,5.0,0.0085,53.7,0.044,320.4,51.8,121.9,1,1,1,0.538,0.3156,0.0,0.0,0.2224,1,1.0,1.0417,0.9303,1.0,1.0314,0.9646,0.5866,0.2913,1,,False,
SRAM_F4_access_pair_S2_M40C_1P1V_0326,C_M40C_1P1V,ood,1.1,-40.0,4,vth_drift_access,access_pair,10.0,0.0085,55.6,0.048,297.0,54.1,113.7,1,1,1,0.538,0.3252,0.0,0.0,0.2128,1,1.0,1.0786,0.8624,1.0,1.0627,0.973,0.6045,0.27,1,,False,
SRAM_F4_access_pair_S3_M40C_1P1V_0327,C_M40C_1P1V,ood,1.1,-40.0,4,vth_drift_access,access_pair,15.0,0.0085,57.9,0.051,274.2,56.7,105.7,1,1,1,0.538,0.3347,0.0,0.0,0.2033,1,1.0,1.1222,0.7962,1.0,1.0938,0.9801,0.6221,0.2493,1,,False,
SRAM_F4_access_pair_S4_M40C_1P1V_0328,C_M40C_1P1V,ood,1.1,-40.0,4,vth_drift_access,access_pair,20.0,0.0085,60.5,0.046,252.3,59.5,97.9,1,1,1,0.538,0.3443,0.0,0.0,0.1937,1,1.0,1.1726,0.7326,1.0,1.1252,0.9843,0.64,0.2294,1,,False,
SRAM_F4_access_pair_S5_M40C_1P1V_0329,C_M40C_1P1V,ood,1.1,-40.0,4,vth_drift_access,access_pair,25.0,0.0085,63.5,0.044,231.2,62.4,90.3,1,1,1,0.538,0.3539,0.0,0.0,0.1841,1,1.0,1.2308,0.6713,1.0,1.1565,0.9835,0.6578,0.2102,1,,False,
SRAM_F4_access_pair_S6_M40C_1P1V_0330,C_M40C_1P1V,ood,1.1,-40.0,4,vth_drift_access,access_pair,30.0,0.0085,66.8,0.044,210.9,65.6,83.0,1,1,1,0.538,0.3635,0.0,0.0,0.1745,1,1.0,1.2949,0.6124,1.0,1.1879,0.9828,0.6757,0.1917,1,,False,
SRAM_F0_S0_0C_1P1V_0331,C_0C_1P1V,ood,1.1,0.0,0,healthy,none,0.0,0.0028,52.5,0.043,327.2,49.4,140.7,1,1,1,0.5105,0.2824,0.0,0.0,0.2281,1,1.0,1.0,1.0,1.0,1.0,0.9401,0.5532,0.2975,1,,False,
SRAM_F1_M5_S1_0C_1P1V_0332,C_0C_1P1V,ood,1.1,0.0,1,resistive_open,M5,200.0,0.0028,53.4,0.043,327.1,49.4,140.7,1,1,1,0.5105,0.2824,0.0,0.0001,0.2281,1,1.0,1.0152,0.9997,1.0,1.0,0.926,0.5532,0.2974,1,,False,
SRAM_F1_M5_S2_0C_1P1V_0333,C_0C_1P1V,ood,1.1,0.0,1,resistive_open,M5,500.0,0.0028,54.5,0.043,326.9,49.5,140.7,1,1,1,0.5105,0.2824,0.0,0.0001,0.2281,1,1.0,1.0371,0.9991,1.0,1.0,0.9073,0.5532,0.2972,1,,False,
SRAM_F1_M5_S3_0C_1P1V_0334,C_0C_1P1V,ood,1.1,0.0,1,resistive_open,M5,1000.0,0.0028,56.2,0.043,326.6,49.5,140.7,1,1,1,0.5105,0.2824,0.0,0.0003,0.2281,1,1.0,1.0704,0.9983,1.0,1.0,0.8791,0.5532,0.297,1,,False,
SRAM_F1_M5_S4_0C_1P1V_0335,C_0C_1P1V,ood,1.1,0.0,1,resistive_open,M5,2000.0,0.0028,59.8,0.043,325.9,49.5,140.7,1,1,1,0.5105,0.2824,0.0,0.0006,0.2281,1,1.0,1.138,0.996,1.0,1.0,0.8278,0.5532,0.2963,1,,False,
SRAM_F1_M5_S5_0C_1P1V_0336,C_0C_1P1V,ood,1.1,0.0,1,resistive_open,M5,5000.0,0.0028,70.4,0.043,317.9,49.7,140.7,1,1,1,0.5105,0.2824,0.0,0.0014,0.2281,1,1.0,1.3406,0.9714,1.0,1.0,0.7055,0.5532,0.289,1,,False,
SRAM_F1_M5_S6_0C_1P1V_0337,C_0C_1P1V,ood,1.1,0.0,1,resistive_open,M5,10000.0,0.0028,94.1,0.043,288.4,51.2,140.7,1,1,1,0.5105,0.2824,0.0,0.0029,0.2281,1,1.0,1.7907,0.8813,1.0,1.0,0.5446,0.5532,0.2621,1,,False,
SRAM_F1_M6_S1_0C_1P1V_0338,C_0C_1P1V,ood,1.1,0.0,1,resistive_open,M6,200.0,0.0028,53.4,0.043,327.1,49.4,140.7,1,1,1,0.5105,0.2824,0.0,0.0001,0.2281,1,1.0,1.0162,0.9997,1.0,1.0,0.9251,0.5532,0.2974,1,,False,
SRAM_F1_M6_S2_0C_1P1V_0339,C_0C_1P1V,ood,1.1,0.0,1,resistive_open,M6,500.0,0.0028,54.5,0.043,326.9,49.5,140.7,1,1,1,0.5105,0.2824,0.0,0.0001,0.2281,1,1.0,1.0362,0.9991,1.0,1.0,0.9082,0.5532,0.2972,1,,False,
SRAM_F1_M6_S3_0C_1P1V_0340,C_0C_1P1V,ood,1.1,0.0,1,resistive_open,M6,1000.0,0.0028,56.2,0.043,326.6,49.5,140.7,1,1,1,0.5105,0.2824,0.0,0.0003,0.2281,1,1.0,1.0704,0.9983,1.0,1.0,0.8791,0.5532,0.297,1,,False,
SRAM_F1_M6_S4_0C_1P1V_0341,C_0C_1P1V,ood,1.1,0.0,1,resistive_open,M6,2000.0,0.0028,60.8,0.043,325.9,49.5,140.7,1,1,1,0.5105,0.2824,0.0,0.0006,0.2281,1,1.0,1.156,0.996,1.0,1.0,0.8148,0.5532,0.2963,1,,False,
SRAM_F1_M6_S5_0C_1P1V_0342,C_0C_1P1V,ood,1.1,0.0,1,resistive_open,M6,5000.0,0.0028,73.8,0.043,317.9,49.7,140.7,1,1,1,0.5105,0.2824,0.0,0.0014,0.2281,1,1.0,1.4053,0.9714,1.0,1.0,0.673,0.5532,0.289,1,,False,
SRAM_F1_M6_S6_0C_1P1V_0343,C_0C_1P1V,ood,1.1,0.0,1,resistive_open,M6,10000.0,0.0028,101.5,0.043,288.4,51.2,140.7,1,1,1,0.5105,0.2824,0.0,0.0029,0.2281,1,1.0,1.9324,0.8813,1.0,1.0,0.5047,0.5532,0.2621,1,,False,
SRAM_F2_Q_Qb_S1_0C_1P1V_0344,C_0C_1P1V,ood,1.1,0.0,2,bridging,Q_Qb,500.0,25.596,20000.0,0.062,0.0,20000.0,539.2,0,0,0,0.0,0.0,0.0,0.0,0.0,0,9141.4286,380.5899,0.0,0.0,0.0,1.0,0.0,0.0,0,snm_nonmonotonic,False,
SRAM_F2_Q_Qb_S2_0C_1P1V_0345,C_0C_1P1V,ood,1.1,0.0,2,bridging,Q_Qb,1000.0,9.5947,20000.0,0.051,0.0,20000.0,539.2,0,0,0,0.0,0.0,0.0,0.0,0.0,0,3426.6786,380.5899,0.0,0.0,0.0,1.0,0.0,0.0,0,snm_nonmonotonic,False,
SRAM_F2_Q_Qb_S3_0C_1P1V_0346,C_0C_1P1V,ood,1.1,0.0,2,bridging,Q_Qb,2000.0,4.2765,20000.0,0.042,0.0,20000.0,539.2,0,0,0,0.0,0.0,0.0,0.0,0.0,0,1527.3214,380.5899,0.0,0.0,0.0,1.0,0.0,0.0,0,snm_nonmonotonic,False,
SRAM_F2_Q_Qb_S4_0C_1P1V_0347,C_0C_1P1V,ood,1.1,0.0,2,bridging,Q_Qb,5000.0,2.4887,20000.0,0.04,0.0,20000.0,539.2,0,0,0,0.0,0.0,0.0,0.0,0.0,0,888.8214,380.5899,0.0,0.0,0.0,1.0,0.0,0.0,0,snm_nonmonotonic,False,
SRAM_F2_Q_Qb_S5_0C_1P1V_0348,C_0C_1P1V,ood,1.1,0.0,2,bridging,Q_Qb,10000.0,1.5356,20000.0,0.038,0.0,20000.0,539.2,0,0,0,0.0,0.0,0.0,0.0,0.0,0,548.4286,380.5899,0.0,0.0,0.0,1.0,0.0,0.0,0,snm_nonmonotonic,False,
SRAM_F3_storage_pair_S1_0C_1P1V_0349,C_0C_1P1V,ood,1.1,0.0,3,vth_drift_storage_pair,storage_pair,5.0,0.0014,52.2,0.043,321.6,49.8,144.2,1,1,1,0.524,0.2851,0.0,0.0,0.2389,1,0.5,0.9924,0.9829,1.0264,1.0096,0.9549,0.5441,0.2924,1,,False,
SRAM_F3_storage_pair_S2_0C_1P1V_0350,C_0C_1P1V,ood,1.1,0.0,3,vth_drift_storage_pair,storage_pair,10.0,0.0001,51.8,0.043,315.8,50.1,147.9,1,1,1,0.5373,0.2867,0.0,0.0,0.2506,1,0.0357,0.9848,0.9652,1.0525,1.0152,0.9681,0.5336,0.2871,1,,False,
SRAM_F3_storage_pair_S3_0C_1P1V_0351,C_0C_1P1V,ood,1.1,0.0,3,vth_drift_storage_pair,storage_pair,15.0,0.0009,51.4,0.045,309.7,50.5,151.9,1,1,1,0.541,0.2816,0.0,0.0,0.2594,1,0.3214,0.9781,0.9465,1.0597,0.9972,0.9825,0.5205,0.2815,1,,False,
SRAM_F3_storage_pair_S4_0C_1P1V_0352,C_0C_1P1V,ood,1.1,0.0,3,vth_drift_storage_pair,storage_pair,20.0,0.0018,51.2,0.043,303.3,50.9,156.1,1,1,1,0.518,0.2588,0.0,0.0,0.2592,1,0.6429,0.9743,0.927,1.0147,0.9164,0.9941,0.4996,0.2757,1,,False,
SRAM_F3_storage_pair_S5_0C_1P1V_0353,C_0C_1P1V,ood,1.1,0.0,3,vth_drift_storage_pair,storage_pair,25.0,0.0024,51.0,0.04,296.5,51.3,160.6,1,1,1,0.496,0.0,0.0,0.0,0.496,0,0.8571,0.9696,0.9062,0.9716,0.0,1.0069,0.0,0.2695,0,snm_nonmonotonic,False,
SRAM_F3_storage_pair_S6_0C_1P1V_0354,C_0C_1P1V,ood,1.1,0.0,3,vth_drift_storage_pair,storage_pair,30.0,0.0027,50.8,0.037,289.5,51.8,165.5,1,1,1,0.473,0.0,0.0,0.0,0.473,0,0.9643,0.9657,0.8848,0.9265,0.0,1.0207,0.0,0.2632,0,snm_nonmonotonic,False,
SRAM_F4_access_pair_S1_0C_1P1V_0355,C_0C_1P1V,ood,1.1,0.0,4,vth_drift_access,access_pair,5.0,0.0028,54.8,0.042,305.8,51.7,132.4,1,1,1,0.5105,0.2917,0.0,0.0,0.2188,1,1.0,1.0428,0.9346,1.0,1.0329,0.9434,0.5714,0.278,1,,False,
SRAM_F4_access_pair_S2_0C_1P1V_0356,C_0C_1P1V,ood,1.1,0.0,4,vth_drift_access,access_pair,10.0,0.0028,56.8,0.046,285.0,54.0,124.2,1,1,1,0.5105,0.3011,0.0,0.0,0.2094,1,1.0,1.0809,0.871,1.0,1.0662,0.9507,0.5898,0.2591,1,,False,
SRAM_F4_access_pair_S3_0C_1P1V_0357,C_0C_1P1V,ood,1.1,0.0,4,vth_drift_access,access_pair,15.0,0.0028,58.9,0.052,264.9,56.5,116.2,1,1,1,0.5105,0.3104,0.0,0.0,0.2001,1,1.0,1.1218,0.8096,1.0,1.0992,0.9584,0.608,0.2408,1,,False,
SRAM_F4_access_pair_S4_0C_1P1V_0358,C_0C_1P1V,ood,1.1,0.0,4,vth_drift_access,access_pair,20.0,0.0028,61.6,0.049,245.4,59.2,108.4,1,1,1,0.5105,0.3197,0.0,0.0,0.1908,1,1.0,1.1722,0.75,1.0,1.1321,0.961,0.6262,0.2231,1,,False,
SRAM_F4_access_pair_S5_0C_1P1V_0359,C_0C_1P1V,ood,1.1,0.0,4,vth_drift_access,access_pair,25.0,0.0028,64.8,0.043,226.5,62.0,100.8,1,1,1,0.5105,0.3291,0.0,0.0,0.1814,1,1.0,1.2331,0.6922,1.0,1.1654,0.9568,0.6447,0.2059,1,,False,
SRAM_F4_access_pair_S6_0C_1P1V_0360,C_0C_1P1V,ood,1.1,0.0,4,vth_drift_access,access_pair,30.0,0.0028,68.1,0.045,208.2,65.1,93.4,1,1,1,0.5105,0.3384,0.0,0.0,0.1721,1,1.0,1.2959,0.6363,1.0,1.1983,0.9559,0.6629,0.1893,1,,False,
SRAM_F0_S0_27C_1P1V_0361,C_27C_1P1V,ood,1.1,27.0,0,healthy,none,0.0,0.0345,52.8,0.045,321.0,49.0,147.9,1,1,1,0.49,0.264,0.0,0.0,0.226,1,1.0,1.0,1.0,1.0,1.0,0.9289,0.5388,0.2918,1,,False,
SRAM_F1_M5_S1_27C_1P1V_0362,C_27C_1P1V,ood,1.1,27.0,1,resistive_open,M5,200.0,0.0345,53.6,0.045,320.9,49.0,147.9,1,1,1,0.49,0.264,0.0,0.0001,0.226,1,1.0,1.0161,0.9997,1.0,1.0,0.9142,0.5388,0.2917,1,,False,
SRAM_F1_M5_S2_27C_1P1V_0363,C_27C_1P1V,ood,1.1,27.0,1,resistive_open,M5,500.0,0.0345,54.8,0.045,320.7,49.0,147.9,1,1,1,0.49,0.264,0.0,0.0002,0.226,1,1.0,1.0379,0.9991,1.0,1.0,0.895,0.5388,0.2915,1,,False,
SRAM_F1_M5_S3_27C_1P1V_0364,C_27C_1P1V,ood,1.1,27.0,1,resistive_open,M5,1000.0,0.0345,56.6,0.045,320.4,49.0,147.9,1,1,1,0.49,0.264,0.0,0.0003,0.226,1,1.0,1.072,0.9983,1.0,1.0,0.8674,0.5388,0.2913,1,,False,
SRAM_F1_M5_S4_27C_1P1V_0365,C_27C_1P1V,ood,1.1,27.0,1,resistive_open,M5,2000.0,0.0345,60.1,0.045,319.6,49.0,147.9,1,1,1,0.49,0.264,0.0,0.0006,0.226,1,1.0,1.1384,0.9956,1.0,1.0,0.8168,0.5388,0.2905,1,,False,
SRAM_F1_M5_S5_27C_1P1V_0366,C_27C_1P1V,ood,1.1,27.0,1,resistive_open,M5,5000.0,0.0345,70.5,0.045,311.4,49.3,147.9,1,1,1,0.49,0.264,0.0,0.0016,0.226,1,1.0,1.3365,0.9699,1.0,1.0,0.6993,0.5388,0.283,1,,False,
SRAM_F1_M5_S6_27C_1P1V_0367,C_27C_1P1V,ood,1.1,27.0,1,resistive_open,M5,10000.0,0.0345,93.6,0.045,283.7,50.9,147.9,1,1,1,0.49,0.264,0.0,0.0042,0.226,1,1.0,1.7744,0.8838,1.0,1.0,0.5438,0.5388,0.2579,1,,False,
SRAM_F1_M6_S1_27C_1P1V_0368,C_27C_1P1V,ood,1.1,27.0,1,resistive_open,M6,200.0,0.0345,53.7,0.045,320.9,49.0,147.9,1,1,1,0.49,0.264,0.0,0.0001,0.226,1,1.0,1.018,0.9997,1.0,1.0,0.9125,0.5388,0.2917,1,,False,
SRAM_F1_M6_S2_27C_1P1V_0369,C_27C_1P1V,ood,1.1,27.0,1,resistive_open,M6,500.0,0.0345,54.8,0.045,320.7,49.0,147.9,1,1,1,0.49,0.264,0.0,0.0002,0.226,1,1.0,1.0379,0.9991,1.0,1.0,0.895,0.5388,0.2915,1,,False,
SRAM_F1_M6_S3_27C_1P1V_0370,C_27C_1P1V,ood,1.1,27.0,1,resistive_open,M6,1000.0,0.0345,56.5,0.045,320.4,49.0,147.9,1,1,1,0.49,0.264,0.0,0.0003,0.226,1,1.0,1.0711,0.9983,1.0,1.0,0.8681,0.5388,0.2913,1,,False,
SRAM_F1_M6_S4_27C_1P1V_0371,C_27C_1P1V,ood,1.1,27.0,1,resistive_open,M6,2000.0,0.0345,60.8,0.045,319.6,49.0,147.9,1,1,1,0.49,0.264,0.0,0.0006,0.226,1,1.0,1.1517,0.9956,1.0,1.0,0.8074,0.5388,0.2905,1,,False,
SRAM_F1_M6_S5_27C_1P1V_0372,C_27C_1P1V,ood,1.1,27.0,1,resistive_open,M6,5000.0,0.0345,73.4,0.045,311.4,49.3,147.9,1,1,1,0.49,0.264,0.0,0.0016,0.226,1,1.0,1.3915,0.9699,1.0,1.0,0.6717,0.5388,0.283,1,,False,
SRAM_F1_M6_S6_27C_1P1V_0373,C_27C_1P1V,ood,1.1,27.0,1,resistive_open,M6,10000.0,0.0345,99.9,0.045,283.7,50.9,147.9,1,1,1,0.49,0.264,0.0,0.0042,0.226,1,1.0,1.8948,0.8838,1.0,1.0,0.5093,0.5388,0.2579,1,,False,
SRAM_F2_Q_Qb_S1_27C_1P1V_0374,C_27C_1P1V,ood,1.1,27.0,2,bridging,Q_Qb,500.0,15.8986,20000.0,0.049,0.0,20000.0,534.4,0,0,0,0.0,0.0,0.0,0.0,0.0,0,460.829,379.1469,0.0,0.0,0.0,1.0,0.0,0.0,0,snm_nonmonotonic,False,
SRAM_F2_Q_Qb_S2_27C_1P1V_0375,C_27C_1P1V,ood,1.1,27.0,2,bridging,Q_Qb,1000.0,1.1369,20000.0,0.045,0.0,20000.0,534.4,0,0,0,0.0,0.0,0.0,0.0,0.0,0,32.9536,379.1469,0.0,0.0,0.0,1.0,0.0,0.0,0,snm_nonmonotonic,False,
SRAM_F2_Q_Qb_S3_27C_1P1V_0376,C_27C_1P1V,ood,1.1,27.0,2,bridging,Q_Qb,2000.0,4.8445,20000.0,0.039,0.0,20000.0,534.4,0,0,0,0.0,0.0,0.0,0.0,0.0,0,140.4203,379.1469,0.0,0.0,0.0,1.0,0.0,0.0,0,snm_nonmonotonic,False,
SRAM_F2_Q_Qb_S4_27C_1P1V_0377,C_27C_1P1V,ood,1.1,27.0,2,bridging,Q_Qb,5000.0,3.9269,20000.0,0.04,0.0,20000.0,534.4,0,0,0,0.0,0.0,0.0,0.0,0.0,0,113.8232,379.1469,0.0,0.0,0.0,1.0,0.0,0.0,0,snm_nonmonotonic,False,
SRAM_F2_Q_Qb_S5_27C_1P1V_0378,C_27C_1P1V,ood,1.1,27.0,2,bridging,Q_Qb,10000.0,4.2815,20000.0,0.038,0.0,20000.0,534.4,0,0,0,0.0,0.0,0.0,0.0,0.0,0,124.1014,379.1469,0.0,0.0,0.0,1.0,0.0,0.0,0,snm_nonmonotonic,False,
SRAM_F3_storage_pair_S2_27C_1P1V_0380,C_27C_1P1V,ood,1.1,27.0,3,vth_drift_storage_pair,storage_pair,10.0,0.0056,52.0,0.044,310.3,49.7,155.1,1,1,1,0.517,0.2708,0.0,0.0,0.2462,1,0.1623,0.9867,0.9667,1.0551,1.0258,0.9549,0.5238,0.2821,1,,False,
SRAM_F3_storage_pair_S4_27C_1P1V_0382,C_27C_1P1V,ood,1.1,27.0,3,vth_drift_storage_pair,storage_pair,20.0,0.0054,51.3,0.043,299.0,50.4,163.1,1,1,1,0.544,0.2736,0.0,0.0,0.2704,1,0.1565,0.9725,0.9315,1.1102,1.0364,0.9825,0.5029,0.2718,1,,False,
SRAM_F3_storage_pair_S5_27C_1P1V_0383,C_27C_1P1V,ood,1.1,27.0,3,vth_drift_storage_pair,storage_pair,25.0,0.0048,51.0,0.04,292.9,50.9,167.6,1,1,1,0.5368,0.0,0.0,0.0,0.5368,0,0.1391,0.9678,0.9125,1.0955,0.0,0.9971,0.0,0.2663,0,snm_nonmonotonic,False,
SRAM_F3_storage_pair_S6_27C_1P1V_0384,C_27C_1P1V,ood,1.1,27.0,3,vth_drift_storage_pair,storage_pair,30.0,0.004,50.9,0.036,286.4,51.3,172.3,1,1,1,0.514,0.0,0.0,0.0,0.514,0,0.1159,0.9649,0.8922,1.049,0.0,1.0079,0.0,0.2604,0,snm_nonmonotonic,False,
SRAM_F4_access_pair_S1_27C_1P1V_0385,C_27C_1P1V,ood,1.1,27.0,4,vth_drift_access,access_pair,5.0,0.0345,55.2,0.042,300.9,51.3,139.6,1,1,1,0.49,0.2732,0.0,0.0,0.2168,1,1.0,1.0474,0.9374,1.0,1.0348,0.9285,0.5576,0.2735,1,,False,
SRAM_F4_access_pair_S2_27C_1P1V_0386,C_27C_1P1V,ood,1.1,27.0,4,vth_drift_access,access_pair,10.0,0.0345,57.2,0.043,281.4,53.6,131.5,1,1,1,0.49,0.2824,0.0,0.0,0.2076,1,1.0,1.0853,0.8766,1.0,1.0697,0.9362,0.5763,0.2558,1,,False,
SRAM_F4_access_pair_S3_27C_1P1V_0387,C_27C_1P1V,ood,1.1,27.0,4,vth_drift_access,access_pair,15.0,0.0345,59.5,0.05,262.5,56.0,123.5,1,1,1,0.49,0.2916,0.0,0.0,0.1984,1,1.0,1.128,0.8178,1.0,1.1045,0.9412,0.5951,0.2386,1,,False,
SRAM_F4_access_pair_S4_27C_1P1V_0388,C_27C_1P1V,ood,1.1,27.0,4,vth_drift_access,access_pair,20.0,0.0345,62.1,0.049,244.2,58.6,115.7,1,1,1,0.49,0.3008,0.0,0.0,0.1892,1,1.0,1.1782,0.7607,1.0,1.1394,0.9429,0.6139,0.222,1,,False,
SRAM_F4_access_pair_S5_27C_1P1V_0389,C_27C_1P1V,ood,1.1,27.0,4,vth_drift_access,access_pair,25.0,0.0345,65.5,0.044,226.4,61.4,108.1,1,1,1,0.49,0.31,0.0,0.0,0.18,1,1.0,1.2408,0.7053,1.0,1.1742,0.9381,0.6327,0.2058,1,,False,
SRAM_F4_access_pair_S6_27C_1P1V_0390,C_27C_1P1V,ood,1.1,27.0,4,vth_drift_access,access_pair,30.0,0.0345,68.5,0.042,209.2,64.3,100.7,1,1,1,0.49,0.3191,0.0,0.0,0.1709,1,1.0,1.2986,0.6517,1.0,1.2087,0.9387,0.6512,0.1902,1,,False,
SRAM_F0_S0_75C_1P1V_0391,C_75C_1P1V,ood,1.1,75.0,0,healthy,none,0.0,0.9308,52.5,0.044,317.1,47.6,161.1,1,1,1,0.4519,0.2283,0.0,0.0,0.2236,1,1.0,1.0,1.0,1.0,1.0,0.9075,0.5052,0.2883,1,,False,
SRAM_F1_M5_S1_75C_1P1V_0392,C_75C_1P1V,ood,1.1,75.0,1,resistive_open,M5,200.0,0.9308,53.3,0.044,317.0,47.6,161.1,1,1,1,0.4519,0.2283,0.0,0.0001,0.2236,1,1.0,1.0162,0.9995,1.0,1.0,0.8931,0.5052,0.2881,1,,False,
SRAM_F1_M5_S2_75C_1P1V_0393,C_75C_1P1V,ood,1.1,75.0,1,resistive_open,M5,500.0,0.9308,54.5,0.044,316.8,47.7,161.1,1,1,1,0.4519,0.2283,0.0,0.0002,0.2236,1,1.0,1.0391,0.9989,1.0,1.0,0.8743,0.5052,0.288,1,,False,
SRAM_F1_M5_S3_75C_1P1V_0394,C_75C_1P1V,ood,1.1,75.0,1,resistive_open,M5,1000.0,0.9308,56.4,0.044,316.3,47.7,161.1,1,1,1,0.4519,0.2283,0.0,0.0004,0.2236,1,1.0,1.0753,0.9975,1.0,1.0,0.8449,0.5052,0.2875,1,,False,
SRAM_F1_M5_S4_75C_1P1V_0395,C_75C_1P1V,ood,1.1,75.0,1,resistive_open,M5,2000.0,0.9308,59.8,0.044,315.2,47.7,161.1,1,1,1,0.4519,0.2283,0.0,0.0007,0.2236,1,1.0,1.1401,0.9942,1.0,1.0,0.7977,0.5052,0.2866,1,,False,
SRAM_F1_M5_S5_75C_1P1V_0396,C_75C_1P1V,ood,1.1,75.0,1,resistive_open,M5,5000.0,0.9308,70.2,0.044,305.9,48.0,161.1,1,1,1,0.4519,0.2283,0.0,0.0018,0.2236,1,1.0,1.3384,0.9647,1.0,1.0,0.6845,0.5052,0.2781,1,,False,
SRAM_F1_M5_S6_75C_1P1V_0397,C_75C_1P1V,ood,1.1,75.0,1,resistive_open,M5,10000.0,0.9308,93.0,0.044,280.1,49.7,161.1,1,1,1,0.4519,0.2283,0.0,0.0091,0.2236,1,1.0,1.7741,0.8833,1.0,1.0,0.5341,0.5052,0.2546,1,,False,
SRAM_F1_M6_S1_75C_1P1V_0398,C_75C_1P1V,ood,1.1,75.0,1,resistive_open,M6,200.0,0.9308,53.2,0.044,317.0,47.6,161.1,1,1,1,0.4519,0.2283,0.0,0.0001,0.2236,1,1.0,1.0153,0.9995,1.0,1.0,0.8939,0.5052,0.2881,1,,False,
SRAM_F1_M6_S2_75C_1P1V_0399,C_75C_1P1V,ood,1.1,75.0,1,resistive_open,M6,500.0,0.9308,54.2,0.044,316.8,47.7,161.1,1,1,1,0.4519,0.2283,0.0,0.0002,0.2236,1,1.0,1.0343,0.9989,1.0,1.0,0.8783,0.5052,0.288,1,,False,
SRAM_F1_M6_S3_75C_1P1V_0400,C_75C_1P1V,ood,1.1,75.0,1,resistive_open,M6,1000.0,0.9308,56.2,0.044,316.3,47.7,161.1,1,1,1,0.4519,0.2283,0.0,0.0004,0.2236,1,1.0,1.0705,0.9975,1.0,1.0,0.8486,0.5052,0.2875,1,,False,
SRAM_F1_M6_S4_75C_1P1V_0401,C_75C_1P1V,ood,1.1,75.0,1,resistive_open,M6,2000.0,0.9308,59.9,0.044,315.2,47.7,161.1,1,1,1,0.4519,0.2283,0.0,0.0007,0.2236,1,1.0,1.142,0.9942,1.0,1.0,0.7963,0.5052,0.2866,1,,False,
SRAM_F1_M6_S5_75C_1P1V_0402,C_75C_1P1V,ood,1.1,75.0,1,resistive_open,M6,5000.0,0.9308,71.8,0.044,305.9,48.0,161.1,1,1,1,0.4519,0.2283,0.0,0.0018,0.2236,1,1.0,1.368,0.9647,1.0,1.0,0.6697,0.5052,0.2781,1,,False,
SRAM_F1_M6_S6_75C_1P1V_0403,C_75C_1P1V,ood,1.1,75.0,1,resistive_open,M6,10000.0,0.9308,96.5,0.044,280.1,49.7,161.1,1,1,1,0.4519,0.2283,0.0,0.0091,0.2236,1,1.0,1.8408,0.8833,1.0,1.0,0.5148,0.5052,0.2546,1,,False,
SRAM_F2_Q_Qb_S1_75C_1P1V_0404,C_75C_1P1V,ood,1.1,75.0,2,bridging,Q_Qb,500.0,12.8674,20000.0,0.042,0.0,20000.0,524.2,0,0,0,0.0,0.0,0.0,0.0,0.0,0,13.824,381.3155,0.0,0.0,0.0,1.0,0.0,0.0,0,snm_nonmonotonic,False,
SRAM_F2_Q_Qb_S2_75C_1P1V_0405,C_75C_1P1V,ood,1.1,75.0,2,bridging,Q_Qb,1000.0,9.0391,20000.0,0.04,0.0,20000.0,524.2,0,0,0,0.0,0.0,0.0,0.0,0.0,0,9.7111,381.3155,0.0,0.0,0.0,1.0,0.0,0.0,0,snm_nonmonotonic,False,
SRAM_F2_Q_Qb_S3_75C_1P1V_0406,C_75C_1P1V,ood,1.1,75.0,2,bridging,Q_Qb,2000.0,8.9559,20000.0,0.04,0.0,20000.0,524.2,0,0,0,0.0,0.0,0.0,0.0,0.0,0,9.6217,381.3155,0.0,0.0,0.0,1.0,0.0,0.0,0,snm_nonmonotonic,False,
SRAM_F2_Q_Qb_S4_75C_1P1V_0407,C_75C_1P1V,ood,1.1,75.0,2,bridging,Q_Qb,5000.0,9.6091,20000.0,0.04,0.0,20000.0,524.2,0,0,0,0.0,0.0,0.0,0.0,0.0,0,10.3235,381.3155,0.0,0.0,0.0,1.0,0.0,0.0,0,snm_nonmonotonic,False,
SRAM_F2_Q_Qb_S5_75C_1P1V_0408,C_75C_1P1V,ood,1.1,75.0,2,bridging,Q_Qb,10000.0,9.3415,20000.0,0.041,0.0,20000.0,524.2,0,0,0,0.0,0.0,0.0,0.0,0.0,0,10.036,381.3155,0.0,0.0,0.0,1.0,0.0,0.0,0,snm_nonmonotonic,False,
SRAM_F3_storage_pair_S1_75C_1P1V_0409,C_75C_1P1V,ood,1.1,75.0,3,vth_drift_storage_pair,storage_pair,5.0,0.8681,52.1,0.045,312.5,47.9,164.5,1,1,1,0.4653,0.2331,0.0,0.0,0.2322,1,0.9326,0.9933,0.9855,1.0297,1.021,0.9194,0.501,0.2841,1,,False,
SRAM_F3_storage_pair_S2_75C_1P1V_0410,C_75C_1P1V,ood,1.1,75.0,3,vth_drift_storage_pair,storage_pair,10.0,0.5274,51.6,0.045,307.7,48.3,168.1,1,1,1,0.4787,0.2375,0.0,0.0,0.2412,1,0.5666,0.9838,0.9704,1.0593,1.0403,0.936,0.4961,0.2797,1,,False,
SRAM_F3_storage_pair_S3_75C_1P1V_0411,C_75C_1P1V,ood,1.1,75.0,3,vth_drift_storage_pair,storage_pair,15.0,0.1342,51.2,0.043,302.8,48.6,171.9,1,1,1,0.4921,0.2415,0.0,0.0,0.2506,1,0.1442,0.9771,0.9549,1.089,1.0578,0.9483,0.4908,0.2753,1,,False,
SRAM_F3_storage_pair_S4_75C_1P1V_0412,C_75C_1P1V,ood,1.1,75.0,3,vth_drift_storage_pair,storage_pair,20.0,0.8172,50.9,0.04,297.6,49.0,175.9,1,1,1,0.5055,0.2448,0.0,0.0,0.2607,1,0.878,0.9704,0.9385,1.1186,1.0723,0.9627,0.4843,0.2705,1,,False,
SRAM_F3_storage_pair_S5_75C_1P1V_0413,C_75C_1P1V,ood,1.1,75.0,3,vth_drift_storage_pair,storage_pair,25.0,0.007,50.6,0.036,292.3,49.4,180.2,1,1,1,0.5189,0.2474,0.0,0.0,0.2715,1,0.0075,0.9647,0.9218,1.1483,1.0837,0.9763,0.4768,0.2657,1,,False,
SRAM_F3_storage_pair_S6_75C_1P1V_0414,C_75C_1P1V,ood,1.1,75.0,3,vth_drift_storage_pair,storage_pair,30.0,0.0056,50.5,0.032,286.7,49.9,184.7,1,1,1,0.5322,0.2489,0.0,0.0,0.2833,1,0.006,0.9619,0.9041,1.1777,1.0902,0.9891,0.4677,0.2606,1,,False,
SRAM_F4_access_pair_S1_75C_1P1V_0415,C_75C_1P1V,ood,1.1,75.0,4,vth_drift_access,access_pair,5.0,0.9308,54.9,0.041,298.8,50.0,152.8,1,1,1,0.4519,0.2373,0.0,0.0,0.2146,1,1.0,1.0467,0.9423,1.0,1.0394,0.9107,0.5251,0.2716,1,,False,
SRAM_F4_access_pair_S2_75C_1P1V_0416,C_75C_1P1V,ood,1.1,75.0,4,vth_drift_access,access_pair,10.0,0.9308,57.2,0.041,281.0,52.2,144.7,1,1,1,0.4519,0.2463,0.0,0.0,0.2056,1,1.0,1.0915,0.8862,1.0,1.0788,0.9118,0.545,0.2555,1,,False,
SRAM_F4_access_pair_S3_75C_1P1V_0417,C_75C_1P1V,ood,1.1,75.0,4,vth_drift_access,access_pair,15.0,0.9308,59.8,0.047,263.7,54.5,136.8,1,1,1,0.4519,0.2552,0.0,0.0,0.1967,1,1.0,1.1392,0.8316,1.0,1.1178,0.9121,0.5647,0.2397,1,,False,
SRAM_F4_access_pair_S4_75C_1P1V_0418,C_75C_1P1V,ood,1.1,75.0,4,vth_drift_access,access_pair,20.0,0.9308,62.5,0.05,246.8,57.0,129.0,1,1,1,0.4519,0.2642,0.0,0.0,0.1877,1,1.0,1.1916,0.7783,1.0,1.1572,0.912,0.5846,0.2244,1,,False,
SRAM_F4_access_pair_S5_75C_1P1V_0419,C_75C_1P1V,ood,1.1,75.0,4,vth_drift_access,access_pair,25.0,0.9308,65.5,0.045,230.4,59.6,121.4,1,1,1,0.4519,0.2731,0.0,0.0,0.1788,1,1.0,1.2479,0.7266,1.0,1.1962,0.9106,0.6043,0.2095,1,,False,
SRAM_F4_access_pair_S6_75C_1P1V_0420,C_75C_1P1V,ood,1.1,75.0,4,vth_drift_access,access_pair,30.0,0.9308,68.5,0.043,214.6,62.4,114.0,1,1,1,0.4519,0.282,0.0,0.0,0.1699,1,1.0,1.306,0.6768,1.0,1.2352,0.9109,0.624,0.1951,1,,False,
SRAM_F0_S0_125C_1P1V_0421,C_125C_1P1V,ood,1.1,125.0,0,healthy,none,0.0,0.4566,51.4,0.045,320.7,45.4,175.1,1,1,1,0.4098,0.188,0.0,0.0,0.2218,1,1.0,1.0,1.0,1.0,1.0,0.8833,0.4588,0.2915,1,,False,
SRAM_F1_M5_S1_125C_1P1V_0422,C_125C_1P1V,ood,1.1,125.0,1,resistive_open,M5,200.0,0.4566,52.3,0.045,320.5,45.4,175.1,1,1,1,0.4098,0.188,0.0,0.0001,0.2218,1,1.0,1.0175,0.9994,1.0,1.0,0.8681,0.4588,0.2914,1,,False,
SRAM_F1_M5_S2_125C_1P1V_0423,C_125C_1P1V,ood,1.1,125.0,1,resistive_open,M5,500.0,0.4566,53.5,0.045,320.2,45.4,175.1,1,1,1,0.4098,0.188,0.0,0.0002,0.2218,1,1.0,1.0409,0.9984,1.0,1.0,0.8486,0.4588,0.2911,1,,False,
SRAM_F1_M5_S3_125C_1P1V_0424,C_125C_1P1V,ood,1.1,125.0,1,resistive_open,M5,1000.0,0.4566,55.3,0.045,319.6,45.5,175.1,1,1,1,0.4098,0.188,0.0,0.0004,0.2218,1,1.0,1.0768,0.9967,1.0,1.0,0.8211,0.4588,0.2906,1,,False,
SRAM_F1_M5_S4_125C_1P1V_0425,C_125C_1P1V,ood,1.1,125.0,1,resistive_open,M5,2000.0,0.4566,59.0,0.045,318.0,45.5,175.1,1,1,1,0.4098,0.188,0.0,0.0008,0.2218,1,1.0,1.1469,0.9917,1.0,1.0,0.7718,0.4588,0.2891,1,,False,
SRAM_F1_M5_S5_125C_1P1V_0426,C_125C_1P1V,ood,1.1,125.0,1,resistive_open,M5,5000.0,0.4566,69.2,0.045,306.8,46.0,175.1,1,1,1,0.4098,0.188,0.0,0.002,0.2218,1,1.0,1.3463,0.9565,1.0,1.0,0.6647,0.4588,0.2789,1,,False,
SRAM_F1_M5_S6_125C_1P1V_0427,C_125C_1P1V,ood,1.1,125.0,1,resistive_open,M5,10000.0,0.4566,91.7,0.045,281.6,47.8,175.1,1,1,1,0.4098,0.188,0.0,0.0156,0.2218,1,1.0,1.7831,0.8779,1.0,1.0,0.521,0.4588,0.256,1,,False,
SRAM_F1_M6_S1_125C_1P1V_0428,C_125C_1P1V,ood,1.1,125.0,1,resistive_open,M6,200.0,0.4566,52.1,0.045,320.5,45.4,175.1,1,1,1,0.4098,0.188,0.0,0.0001,0.2218,1,1.0,1.0136,0.9994,1.0,1.0,0.8714,0.4588,0.2914,1,,False,
SRAM_F1_M6_S2_125C_1P1V_0429,C_125C_1P1V,ood,1.1,125.0,1,resistive_open,M6,500.0,0.4566,53.0,0.045,320.2,45.4,175.1,1,1,1,0.4098,0.188,0.0,0.0002,0.2218,1,1.0,1.0311,0.9984,1.0,1.0,0.8566,0.4588,0.2911,1,,False,
SRAM_F1_M6_S3_125C_1P1V_0430,C_125C_1P1V,ood,1.1,125.0,1,resistive_open,M6,1000.0,0.4566,54.8,0.045,319.6,45.5,175.1,1,1,1,0.4098,0.188,0.0,0.0004,0.2218,1,1.0,1.0652,0.9967,1.0,1.0,0.8301,0.4588,0.2906,1,,False,
SRAM_F1_M6_S4_125C_1P1V_0431,C_125C_1P1V,ood,1.1,125.0,1,resistive_open,M6,2000.0,0.4566,58.3,0.045,318.0,45.5,175.1,1,1,1,0.4098,0.188,0.0,0.0008,0.2218,1,1.0,1.1342,0.9917,1.0,1.0,0.7804,0.4588,0.2891,1,,False,
SRAM_F1_M6_S6_125C_1P1V_0433,C_125C_1P1V,ood,1.1,125.0,1,resistive_open,M6,10000.0,0.4566,93.3,0.045,281.6,47.8,175.1,1,1,1,0.4098,0.188,0.0,0.0156,0.2218,1,1.0,1.8161,0.8779,1.0,1.0,0.5115,0.4588,0.256,1,,False,
SRAM_F2_Q_Qb_S1_125C_1P1V_0434,C_125C_1P1V,ood,1.1,125.0,2,bridging,Q_Qb,500.0,10.726,20000.0,0.046,0.0,20000.0,511.9,0,0,0,0.0,0.0,0.0,0.0,0.0,0,23.491,389.1051,0.0,0.0,0.0,1.0,0.0,0.0,0,snm_nonmonotonic,False,
SRAM_F2_Q_Qb_S2_125C_1P1V_0435,C_125C_1P1V,ood,1.1,125.0,2,bridging,Q_Qb,1000.0,17.8444,20000.0,0.042,0.0,20000.0,511.9,0,0,0,0.0,0.0,0.0,0.0,0.0,0,39.081,389.1051,0.0,0.0,0.0,1.0,0.0,0.0,0,snm_nonmonotonic,False,
SRAM_F2_Q_Qb_S3_125C_1P1V_0436,C_125C_1P1V,ood,1.1,125.0,2,bridging,Q_Qb,2000.0,16.07,20000.0,0.041,0.0,20000.0,511.9,0,0,0,0.0,0.0,0.0,0.0,0.0,0,35.1949,389.1051,0.0,0.0,0.0,1.0,0.0,0.0,0,snm_nonmonotonic,False,
SRAM_F2_Q_Qb_S4_125C_1P1V_0437,C_125C_1P1V,ood,1.1,125.0,2,bridging,Q_Qb,5000.0,15.6425,20000.0,0.042,0.0,20000.0,511.9,0,0,0,0.0,0.0,0.0,0.0,0.0,0,34.2587,389.1051,0.0,0.0,0.0,1.0,0.0,0.0,0,snm_nonmonotonic,False,
SRAM_F2_Q_Qb_S5_125C_1P1V_0438,C_125C_1P1V,ood,1.1,125.0,2,bridging,Q_Qb,10000.0,16.076,20000.0,0.041,0.0,20000.0,511.9,0,0,0,0.0,0.0,0.0,0.0,0.0,0,35.2081,389.1051,0.0,0.0,0.0,1.0,0.0,0.0,0,snm_nonmonotonic,False,
SRAM_F3_storage_pair_S1_125C_1P1V_0439,C_125C_1P1V,ood,1.1,125.0,3,vth_drift_storage_pair,storage_pair,5.0,0.0895,51.0,0.044,316.3,45.7,178.4,1,1,1,0.4232,0.1935,0.0,0.0,0.2297,1,0.196,0.9922,0.9863,1.0327,1.0293,0.8961,0.4572,0.2875,1,,False,
SRAM_F3_storage_pair_S2_125C_1P1V_0440,C_125C_1P1V,ood,1.1,125.0,3,vth_drift_storage_pair,storage_pair,10.0,0.2438,50.6,0.042,311.8,46.1,181.8,1,1,1,0.4365,0.1986,0.0,0.0,0.2379,1,0.5339,0.9844,0.9722,1.0652,1.0564,0.9111,0.455,0.2835,1,,False,
SRAM_F3_storage_pair_S3_125C_1P1V_0441,C_125C_1P1V,ood,1.1,125.0,3,vth_drift_storage_pair,storage_pair,15.0,0.5472,50.2,0.039,307.1,46.4,185.5,1,1,1,0.4499,0.2035,0.0,0.0,0.2464,1,1.1984,0.9767,0.9576,1.0979,1.0824,0.9243,0.4523,0.2792,1,,False,
SRAM_F3_storage_pair_S4_125C_1P1V_0442,C_125C_1P1V,ood,1.1,125.0,3,vth_drift_storage_pair,storage_pair,20.0,0.677,49.8,0.037,302.2,46.7,189.4,1,1,1,0.4632,0.2081,0.0,0.0,0.2551,1,1.4827,0.9698,0.9423,1.1303,1.1069,0.9368,0.4493,0.2747,1,,False,
SRAM_F3_storage_pair_S5_125C_1P1V_0443,C_125C_1P1V,ood,1.1,125.0,3,vth_drift_storage_pair,storage_pair,25.0,0.0147,49.5,0.032,297.4,47.1,193.5,1,1,1,0.4766,0.2123,0.0,0.0,0.2643,1,0.0322,0.964,0.9273,1.163,1.1293,0.9506,0.4454,0.2704,1,,False,
SRAM_F3_storage_pair_S6_125C_1P1V_0444,C_125C_1P1V,ood,1.1,125.0,3,vth_drift_storage_pair,storage_pair,30.0,0.5943,49.2,0.031,292.5,47.5,197.7,1,1,1,0.4899,0.2159,0.0,0.0,0.274,1,1.3016,0.9582,0.9121,1.1955,1.1484,0.9645,0.4407,0.2659,1,,False,
SRAM_F4_access_pair_S1_125C_1P1V_0445,C_125C_1P1V,ood,1.1,125.0,4,vth_drift_access,access_pair,5.0,0.4566,53.8,0.045,303.9,47.6,166.9,1,1,1,0.4098,0.1968,0.0,0.0,0.213,1,1.0,1.0467,0.9476,1.0,1.0468,0.8848,0.4802,0.2763,1,,False,
SRAM_F4_access_pair_S2_125C_1P1V_0446,C_125C_1P1V,ood,1.1,125.0,4,vth_drift_access,access_pair,10.0,0.4566,56.0,0.043,287.3,49.9,158.9,1,1,1,0.4098,0.2055,0.0,0.0,0.2043,1,1.0,1.0895,0.8959,1.0,1.0931,0.8911,0.5015,0.2612,1,,False,
SRAM_F4_access_pair_S3_125C_1P1V_0447,C_125C_1P1V,ood,1.1,125.0,4,vth_drift_access,access_pair,15.0,0.4566,58.7,0.042,271.1,52.1,151.1,1,1,1,0.4098,0.2142,0.0,0.0,0.1956,1,1.0,1.142,0.8453,1.0,1.1394,0.8876,0.5227,0.2465,1,,False,
SRAM_F4_access_pair_S4_125C_1P1V_0448,C_125C_1P1V,ood,1.1,125.0,4,vth_drift_access,access_pair,20.0,0.4566,61.5,0.046,255.2,54.4,143.4,1,1,1,0.4098,0.2228,0.0,0.0,0.187,1,1.0,1.1965,0.7958,1.0,1.1851,0.8846,0.5437,0.232,1,,False,
SRAM_F4_access_pair_S5_125C_1P1V_0449,C_125C_1P1V,ood,1.1,125.0,4,vth_drift_access,access_pair,25.0,0.4566,64.2,0.046,239.7,56.9,135.8,1,1,1,0.4098,0.2314,0.0,0.0,0.1784,1,1.0,1.25,0.7474,1.0,1.2309,0.8856,0.5647,0.2179,1,,False,
SRAM_F4_access_pair_S6_125C_1P1V_0450,C_125C_1P1V,ood,1.1,125.0,4,vth_drift_access,access_pair,30.0,0.4566,67.2,0.046,224.7,59.5,128.3,1,1,1,0.4098,0.2399,0.0,0.0,0.1699,1,1.0,1.3064,0.7007,1.0,1.2761,0.8861,0.5854,0.2043,1,,False,
