sample_id,fault_class,converged,warning_reasons,exclusion_reason
SRAM_F3_storage_pair_S1_M40C_0P9V_0019,3,0,missing_or_empty_raw,missing_or_empty_raw
SRAM_F1_M5_S2_27C_0P9V_0063,1,0,missing_or_empty_raw,missing_or_empty_raw
SRAM_F1_M5_S5_75C_0P9V_0096,1,0,missing_or_empty_raw,missing_or_empty_raw
SRAM_F4_access_pair_S4_75C_0P9V_0118,4,0,missing_or_empty_raw,missing_or_empty_raw
SRAM_F0_S0_125C_0P9V_0121,0,0,missing_or_empty_raw,missing_or_empty_raw
SRAM_F1_M6_S5_125C_0P9V_0132,1,0,missing_or_empty_raw,missing_or_empty_raw
SRAM_F3_storage_pair_S1_125C_0P9V_0139,3,0,missing_or_empty_raw,missing_or_empty_raw
SRAM_F1_M5_S6_M40C_1P0V_0157,1,0,missing_or_empty_raw,missing_or_empty_raw
SRAM_F1_M6_S5_M40C_1P0V_0162,1,0,missing_or_empty_raw,missing_or_empty_raw
SRAM_F0_S0_0C_1P0V_0181,0,0,missing_or_empty_raw,missing_or_empty_raw
SRAM_F3_storage_pair_S6_0C_1P0V_0204,3,0,missing_or_empty_raw+snm_nonmonotonic,missing_or_empty_raw
SRAM_F2_Q_Qb_S5_27C_1P0V_0228,2,0,missing_or_empty_raw+snm_nonmonotonic,missing_or_empty_raw
SRAM_F4_access_pair_S5_27C_1P0V_0239,4,0,missing_or_empty_raw,missing_or_empty_raw
SRAM_F2_Q_Qb_S2_75C_1P0V_0255,2,0,missing_or_empty_raw+snm_nonmonotonic,missing_or_empty_raw
SRAM_F4_access_pair_S3_75C_1P0V_0267,4,0,missing_or_empty_raw,missing_or_empty_raw
SRAM_F1_M5_S4_125C_1P0V_0275,1,0,missing_or_empty_raw,missing_or_empty_raw
SRAM_F1_M5_S5_125C_1P0V_0276,1,0,missing_or_empty_raw,missing_or_empty_raw
SRAM_F1_M5_S6_125C_1P0V_0277,1,0,missing_or_empty_raw,missing_or_empty_raw
SRAM_F3_storage_pair_S1_M40C_1P1V_0319,3,0,missing_or_empty_raw+snm_nonmonotonic,missing_or_empty_raw
SRAM_F3_storage_pair_S1_27C_1P1V_0379,3,0,missing_or_empty_raw,missing_or_empty_raw
SRAM_F3_storage_pair_S3_27C_1P1V_0381,3,0,missing_or_empty_raw,missing_or_empty_raw
SRAM_F1_M6_S5_125C_1P1V_0432,1,0,missing_or_empty_raw,missing_or_empty_raw
