dataset,model,raw_mean,raw_std,raw_min,raw_max,invariant_mean,invariant_std,invariant_min,invariant_max,gain_pp,note
original_450,RandomForest,0.8267,0.1605,0.5000,0.9667,0.9889,0.0162,0.9667,1.0000,16.2227,"5-class, original results"
original_450,HistGradientBoosting,0.8289,0.1708,0.4667,1.0000,0.9889,0.0206,0.9333,1.0000,16.0000,"5-class, original results"
original_450,LogisticRegression,0.7689,0.1566,0.4000,0.9000,0.8311,0.0930,0.6000,0.9333,6.2213,"5-class, original results"
original_450,LinearSVM,0.7267,0.1575,0.3667,0.8667,0.8422,0.0771,0.6333,0.9000,11.5547,"5-class, original results; SVC(probability=True), original configuration"
original_450,NonML_Baseline,0.3333,0.0826,0.2333,0.4667,0.2156,0.0278,0.1667,0.2667,-11.7787,"5-class, original results"
clean_main_428,RandomForest,0.8349,0.1597,0.5172,1.0000,1.0000,0.0000,1.0000,1.0000,16.5067,"5-class, 22 rows with missing waveform output removed; invariant accuracy is 100% in every corner (ceiling)"
clean_main_428,HistGradientBoosting,0.8552,0.1698,0.4643,1.0000,0.9954,0.0178,0.9310,1.0000,14.0239,"5-class, 22 rows with missing waveform output removed"
clean_main_428,LogisticRegression,0.7729,0.1592,0.4000,0.8929,0.8797,0.0828,0.6667,0.9655,10.6751,"5-class, 22 rows with missing waveform output removed"
clean_main_428,LinearSVM,0.7449,0.1637,0.3793,0.8889,0.8891,0.0883,0.6667,1.0000,14.4272,"5-class, 22 rows with missing waveform output removed; SENSITIVITY: SVC(probability=False), not the original configuration"
clean_main_428,NonML_Baseline,0.3215,0.0950,0.2500,0.5172,0.2009,0.0143,0.1786,0.2222,-12.0622,"5-class, 22 rows with missing waveform output removed"
clean_strict_302,RandomForest,0.7708,0.2517,0.2222,1.0000,1.0000,0.0000,1.0000,1.0000,22.9162,"4-class (no bridge class); converged==1 only; sensitivity, not directly comparable; invariant accuracy is 100% in every corner (ceiling)"
clean_strict_302,HistGradientBoosting,0.7799,0.2660,0.2143,1.0000,0.9963,0.0143,0.9444,1.0000,21.6398,"4-class (no bridge class); converged==1 only; sensitivity, not directly comparable"
clean_strict_302,LogisticRegression,0.8269,0.1447,0.5000,0.9565,0.9439,0.0520,0.7857,1.0000,11.7073,"4-class (no bridge class); converged==1 only; sensitivity, not directly comparable"
clean_strict_302,LinearSVM,0.8425,0.1348,0.5000,0.9565,0.9467,0.0515,0.7857,1.0000,10.4254,"4-class (no bridge class); converged==1 only; sensitivity, not directly comparable; SENSITIVITY: SVC(probability=False), not the original configuration"
clean_strict_302,NonML_Baseline,0.2008,0.1548,0.0000,0.5556,0.0381,0.0211,0.0000,0.0714,-16.2779,"4-class (no bridge class); converged==1 only; sensitivity, not directly comparable"
