sample_id,sample_id,fault_class,converged,warning_reasons,placeholder_iddq_norm_10,placeholder_t_write_20000,placeholder_t_sense_20000,has_placeholder,iddq_norm,t_write_ps,t_sense_ps
SRAM_F2_Q_Qb_S1_M40C_0P9V_0014,SRAM_F2_Q_Qb_S1_M40C_0P9V_0014,2,0,snm_nonmonotonic,False,True,True,True,179.3636,20000.0,20000.0
SRAM_F2_Q_Qb_S2_M40C_0P9V_0015,SRAM_F2_Q_Qb_S2_M40C_0P9V_0015,2,0,snm_nonmonotonic,False,True,True,True,98.378,20000.0,20000.0
SRAM_F2_Q_Qb_S3_M40C_0P9V_0016,SRAM_F2_Q_Qb_S3_M40C_0P9V_0016,2,0,snm_nonmonotonic,False,True,True,True,48.3445,20000.0,20000.0
SRAM_F2_Q_Qb_S4_M40C_0P9V_0017,SRAM_F2_Q_Qb_S4_M40C_0P9V_0017,2,0,snm_nonmonotonic,False,True,True,True,17.0885,20000.0,20000.0
SRAM_F2_Q_Qb_S5_M40C_0P9V_0018,SRAM_F2_Q_Qb_S5_M40C_0P9V_0018,2,0,snm_nonmonotonic,False,True,True,True,8.744,20000.0,20000.0
SRAM_F3_storage_pair_S1_M40C_0P9V_0019,SRAM_F3_storage_pair_S1_M40C_0P9V_0019,3,0,missing_or_empty_raw,False,False,False,False,0.9976,72.6,83.6
SRAM_F3_storage_pair_S3_M40C_0P9V_0021,SRAM_F3_storage_pair_S3_M40C_0P9V_0021,3,0,snm_nonmonotonic,False,False,False,False,0.1029,74.9,87.1
SRAM_F3_storage_pair_S4_M40C_0P9V_0022,SRAM_F3_storage_pair_S4_M40C_0P9V_0022,3,0,snm_nonmonotonic,False,False,False,False,1.445,76.8,89.3
SRAM_F3_storage_pair_S5_M40C_0P9V_0023,SRAM_F3_storage_pair_S5_M40C_0P9V_0023,3,0,snm_nonmonotonic,False,False,False,False,0.2201,79.5,91.9
SRAM_F3_storage_pair_S6_M40C_0P9V_0024,SRAM_F3_storage_pair_S6_M40C_0P9V_0024,3,0,snm_nonmonotonic,False,False,False,False,0.9426,83.1,95.2
SRAM_F4_access_pair_S2_M40C_0P9V_0026,SRAM_F4_access_pair_S2_M40C_0P9V_0026,4,0,snm_nonmonotonic,False,False,False,False,1.0,82.0,95.2
SRAM_F4_access_pair_S3_M40C_0P9V_0027,SRAM_F4_access_pair_S3_M40C_0P9V_0027,4,0,snm_nonmonotonic,False,False,False,False,1.0,88.0,103.4
SRAM_F0_S0_0C_0P9V_0031,SRAM_F0_S0_0C_0P9V_0031,0,0,snm_nonmonotonic,False,False,False,False,1.0,71.9,79.8
SRAM_F1_M5_S1_0C_0P9V_0032,SRAM_F1_M5_S1_0C_0P9V_0032,1,0,snm_nonmonotonic,False,False,False,False,1.0,72.7,79.8
SRAM_F1_M5_S2_0C_0P9V_0033,SRAM_F1_M5_S2_0C_0P9V_0033,1,0,snm_nonmonotonic,False,False,False,False,1.0,73.9,79.8
SRAM_F1_M5_S3_0C_0P9V_0034,SRAM_F1_M5_S3_0C_0P9V_0034,1,0,snm_nonmonotonic,False,False,False,False,1.0,75.9,79.8
SRAM_F1_M5_S4_0C_0P9V_0035,SRAM_F1_M5_S4_0C_0P9V_0035,1,0,snm_nonmonotonic,False,False,False,False,1.0,79.7,79.8
SRAM_F1_M5_S5_0C_0P9V_0036,SRAM_F1_M5_S5_0C_0P9V_0036,1,0,snm_nonmonotonic,False,False,False,False,1.0,91.4,80.0
SRAM_F1_M5_S6_0C_0P9V_0037,SRAM_F1_M5_S6_0C_0P9V_0037,1,0,snm_nonmonotonic,False,False,False,False,1.0,113.3,80.3
SRAM_F1_M6_S1_0C_0P9V_0038,SRAM_F1_M6_S1_0C_0P9V_0038,1,0,snm_nonmonotonic,False,False,False,False,1.0,73.1,79.8
SRAM_F1_M6_S2_0C_0P9V_0039,SRAM_F1_M6_S2_0C_0P9V_0039,1,0,snm_nonmonotonic,False,False,False,False,1.0,75.0,79.8
SRAM_F1_M6_S3_0C_0P9V_0040,SRAM_F1_M6_S3_0C_0P9V_0040,1,0,snm_nonmonotonic,False,False,False,False,1.0,77.7,79.8
SRAM_F1_M6_S4_0C_0P9V_0041,SRAM_F1_M6_S4_0C_0P9V_0041,1,0,snm_nonmonotonic,False,False,False,False,1.0,83.0,79.8
SRAM_F1_M6_S5_0C_0P9V_0042,SRAM_F1_M6_S5_0C_0P9V_0042,1,0,snm_nonmonotonic,False,False,False,False,1.0,99.3,80.0
SRAM_F1_M6_S6_0C_0P9V_0043,SRAM_F1_M6_S6_0C_0P9V_0043,1,0,snm_nonmonotonic,False,False,False,False,1.0,128.2,80.3
SRAM_F2_Q_Qb_S1_0C_0P9V_0044,SRAM_F2_Q_Qb_S1_0C_0P9V_0044,2,0,snm_nonmonotonic,False,True,True,True,2706.9464,20000.0,20000.0
SRAM_F2_Q_Qb_S2_0C_0P9V_0045,SRAM_F2_Q_Qb_S2_0C_0P9V_0045,2,0,snm_nonmonotonic,False,True,True,True,780.3036,20000.0,20000.0
SRAM_F2_Q_Qb_S3_0C_0P9V_0046,SRAM_F2_Q_Qb_S3_0C_0P9V_0046,2,0,snm_nonmonotonic,False,True,True,True,110.6786,20000.0,20000.0
SRAM_F2_Q_Qb_S4_0C_0P9V_0047,SRAM_F2_Q_Qb_S4_0C_0P9V_0047,2,0,snm_nonmonotonic,False,True,True,True,479.3036,20000.0,20000.0
SRAM_F2_Q_Qb_S5_0C_0P9V_0048,SRAM_F2_Q_Qb_S5_0C_0P9V_0048,2,0,snm_nonmonotonic,False,True,True,True,68.1786,20000.0,20000.0
SRAM_F3_storage_pair_S3_0C_0P9V_0051,SRAM_F3_storage_pair_S3_0C_0P9V_0051,3,0,snm_nonmonotonic,False,False,False,False,0.6964,72.7,83.8
SRAM_F3_storage_pair_S4_0C_0P9V_0052,SRAM_F3_storage_pair_S4_0C_0P9V_0052,3,0,snm_nonmonotonic,False,False,False,False,0.0357,73.5,85.6
SRAM_F3_storage_pair_S5_0C_0P9V_0053,SRAM_F3_storage_pair_S5_0C_0P9V_0053,3,0,snm_nonmonotonic,False,False,False,False,4.2857,74.8,87.7
SRAM_F3_storage_pair_S6_0C_0P9V_0054,SRAM_F3_storage_pair_S6_0C_0P9V_0054,3,0,snm_nonmonotonic,False,False,False,False,1.6429,76.5,90.1
SRAM_F4_access_pair_S1_0C_0P9V_0055,SRAM_F4_access_pair_S1_0C_0P9V_0055,4,0,snm_nonmonotonic,False,False,False,False,1.0,76.3,85.2
SRAM_F4_access_pair_S2_0C_0P9V_0056,SRAM_F4_access_pair_S2_0C_0P9V_0056,4,0,snm_nonmonotonic,False,False,False,False,1.0,81.2,91.2
SRAM_F4_access_pair_S3_0C_0P9V_0057,SRAM_F4_access_pair_S3_0C_0P9V_0057,4,0,snm_nonmonotonic,False,False,False,False,1.0,86.7,98.2
SRAM_F4_access_pair_S4_0C_0P9V_0058,SRAM_F4_access_pair_S4_0C_0P9V_0058,4,0,snm_nonmonotonic,False,False,False,False,1.0,93.9,106.3
SRAM_F4_access_pair_S5_0C_0P9V_0059,SRAM_F4_access_pair_S5_0C_0P9V_0059,4,0,snm_nonmonotonic,False,False,False,False,1.0,102.8,115.8
SRAM_F4_access_pair_S6_0C_0P9V_0060,SRAM_F4_access_pair_S6_0C_0P9V_0060,4,0,snm_nonmonotonic,False,False,False,False,1.0,115.2,127.3
SRAM_F1_M5_S2_27C_0P9V_0063,SRAM_F1_M5_S2_27C_0P9V_0063,1,0,missing_or_empty_raw,False,False,False,False,1.0,73.7,77.7
SRAM_F2_Q_Qb_S1_27C_0P9V_0074,SRAM_F2_Q_Qb_S1_27C_0P9V_0074,2,0,snm_nonmonotonic,False,True,True,True,7933.9091,20000.0,20000.0
SRAM_F2_Q_Qb_S2_27C_0P9V_0075,SRAM_F2_Q_Qb_S2_27C_0P9V_0075,2,0,snm_nonmonotonic,False,True,True,True,5197.5152,20000.0,20000.0
SRAM_F2_Q_Qb_S3_27C_0P9V_0076,SRAM_F2_Q_Qb_S3_27C_0P9V_0076,2,0,snm_nonmonotonic,False,True,True,True,3689.1212,20000.0,20000.0
SRAM_F2_Q_Qb_S4_27C_0P9V_0077,SRAM_F2_Q_Qb_S4_27C_0P9V_0077,2,0,snm_nonmonotonic,False,True,True,True,85.0303,20000.0,20000.0
SRAM_F2_Q_Qb_S5_27C_0P9V_0078,SRAM_F2_Q_Qb_S5_27C_0P9V_0078,2,0,snm_nonmonotonic,False,True,True,True,109.2424,20000.0,20000.0
SRAM_F3_storage_pair_S4_27C_0P9V_0082,SRAM_F3_storage_pair_S4_27C_0P9V_0082,3,0,snm_nonmonotonic,False,False,False,False,0.6061,71.8,82.8
SRAM_F3_storage_pair_S5_27C_0P9V_0083,SRAM_F3_storage_pair_S5_27C_0P9V_0083,3,0,snm_nonmonotonic,False,False,False,False,0.1515,72.1,84.5
SRAM_F3_storage_pair_S6_27C_0P9V_0084,SRAM_F3_storage_pair_S6_27C_0P9V_0084,3,0,snm_nonmonotonic,False,False,False,False,0.4242,72.7,86.6
SRAM_F1_M5_S5_75C_0P9V_0096,SRAM_F1_M5_S5_75C_0P9V_0096,1,0,missing_or_empty_raw,False,False,False,False,1.0,88.6,73.8
SRAM_F2_Q_Qb_S1_75C_0P9V_0104,SRAM_F2_Q_Qb_S1_75C_0P9V_0104,2,0,snm_nonmonotonic,False,True,True,True,0.142,20000.0,20000.0
SRAM_F2_Q_Qb_S2_75C_0P9V_0105,SRAM_F2_Q_Qb_S2_75C_0P9V_0105,2,0,snm_nonmonotonic,False,True,True,True,1.7121,20000.0,20000.0
SRAM_F2_Q_Qb_S3_75C_0P9V_0106,SRAM_F2_Q_Qb_S3_75C_0P9V_0106,2,0,snm_nonmonotonic,False,True,True,True,0.3477,20000.0,20000.0
SRAM_F2_Q_Qb_S4_75C_0P9V_0107,SRAM_F2_Q_Qb_S4_75C_0P9V_0107,2,0,snm_nonmonotonic,False,True,True,True,2.0366,20000.0,20000.0
SRAM_F2_Q_Qb_S5_75C_0P9V_0108,SRAM_F2_Q_Qb_S5_75C_0P9V_0108,2,0,snm_nonmonotonic,False,True,True,True,2.3661,20000.0,20000.0
SRAM_F4_access_pair_S4_75C_0P9V_0118,SRAM_F4_access_pair_S4_75C_0P9V_0118,4,0,missing_or_empty_raw,True,False,False,True,10.0,115.4,93.7
SRAM_F0_S0_125C_0P9V_0121,SRAM_F0_S0_125C_0P9V_0121,0,0,missing_or_empty_raw,True,False,False,True,10.0,67.2,68.1
SRAM_F1_M6_S5_125C_0P9V_0132,SRAM_F1_M6_S5_125C_0P9V_0132,1,0,missing_or_empty_raw,False,False,False,False,1.0,47.7,68.5
SRAM_F2_Q_Qb_S1_125C_0P9V_0134,SRAM_F2_Q_Qb_S1_125C_0P9V_0134,2,0,snm_nonmonotonic,False,True,True,True,21.3347,20000.0,20000.0
SRAM_F2_Q_Qb_S2_125C_0P9V_0135,SRAM_F2_Q_Qb_S2_125C_0P9V_0135,2,0,snm_nonmonotonic,False,True,True,True,14.4557,20000.0,20000.0
SRAM_F2_Q_Qb_S3_125C_0P9V_0136,SRAM_F2_Q_Qb_S3_125C_0P9V_0136,2,0,snm_nonmonotonic,False,True,True,True,11.7681,20000.0,20000.0
SRAM_F2_Q_Qb_S4_125C_0P9V_0137,SRAM_F2_Q_Qb_S4_125C_0P9V_0137,2,0,snm_nonmonotonic,False,True,True,True,13.5702,20000.0,20000.0
SRAM_F2_Q_Qb_S5_125C_0P9V_0138,SRAM_F2_Q_Qb_S5_125C_0P9V_0138,2,0,snm_nonmonotonic,False,True,True,True,13.6858,20000.0,20000.0
SRAM_F3_storage_pair_S1_125C_0P9V_0139,SRAM_F3_storage_pair_S1_125C_0P9V_0139,3,0,missing_or_empty_raw,False,False,False,False,0.7706,86.6,69.0
SRAM_F1_M5_S6_M40C_1P0V_0157,SRAM_F1_M5_S6_M40C_1P0V_0157,1,0,missing_or_empty_raw,True,False,False,True,10.0,100.8,62.8
SRAM_F1_M6_S5_M40C_1P0V_0162,SRAM_F1_M6_S5_M40C_1P0V_0162,1,0,missing_or_empty_raw,False,False,False,False,1.0,83.8,61.7
SRAM_F2_Q_Qb_S1_M40C_1P0V_0164,SRAM_F2_Q_Qb_S1_M40C_1P0V_0164,2,0,snm_nonmonotonic,False,True,True,True,10796.5161,20000.0,20000.0
SRAM_F2_Q_Qb_S2_M40C_1P0V_0165,SRAM_F2_Q_Qb_S2_M40C_1P0V_0165,2,0,snm_nonmonotonic,False,True,True,True,5160.1613,20000.0,20000.0
SRAM_F2_Q_Qb_S3_M40C_1P0V_0166,SRAM_F2_Q_Qb_S3_M40C_1P0V_0166,2,0,snm_nonmonotonic,False,True,True,True,2089.9194,20000.0,20000.0
SRAM_F2_Q_Qb_S4_M40C_1P0V_0167,SRAM_F2_Q_Qb_S4_M40C_1P0V_0167,2,0,snm_nonmonotonic,False,True,True,True,715.2742,20000.0,20000.0
SRAM_F2_Q_Qb_S5_M40C_1P0V_0168,SRAM_F2_Q_Qb_S5_M40C_1P0V_0168,2,0,snm_nonmonotonic,False,True,True,True,227.2903,20000.0,20000.0
SRAM_F3_storage_pair_S3_M40C_1P0V_0171,SRAM_F3_storage_pair_S3_M40C_1P0V_0171,3,0,snm_nonmonotonic,False,False,False,False,8.3548,59.1,63.4
SRAM_F3_storage_pair_S4_M40C_1P0V_0172,SRAM_F3_storage_pair_S4_M40C_1P0V_0172,3,0,snm_nonmonotonic,False,False,False,False,4.4677,59.4,64.2
SRAM_F3_storage_pair_S5_M40C_1P0V_0173,SRAM_F3_storage_pair_S5_M40C_1P0V_0173,3,0,snm_nonmonotonic,False,False,False,False,13.0323,59.8,65.2
SRAM_F3_storage_pair_S6_M40C_1P0V_0174,SRAM_F3_storage_pair_S6_M40C_1P0V_0174,3,0,snm_nonmonotonic,False,False,False,False,1.4032,60.6,66.4
SRAM_F4_access_pair_S1_M40C_1P0V_0175,SRAM_F4_access_pair_S1_M40C_1P0V_0175,4,0,snm_nonmonotonic,False,False,False,False,1.0,61.8,64.7
SRAM_F4_access_pair_S2_M40C_1P0V_0176,SRAM_F4_access_pair_S2_M40C_1P0V_0176,4,0,snm_nonmonotonic,False,False,False,False,1.0,64.8,68.3
SRAM_F4_access_pair_S3_M40C_1P0V_0177,SRAM_F4_access_pair_S3_M40C_1P0V_0177,4,0,snm_nonmonotonic,False,False,False,False,1.0,68.4,72.3
SRAM_F4_access_pair_S4_M40C_1P0V_0178,SRAM_F4_access_pair_S4_M40C_1P0V_0178,4,0,snm_nonmonotonic,False,False,False,False,1.0,72.8,76.9
SRAM_F4_access_pair_S5_M40C_1P0V_0179,SRAM_F4_access_pair_S5_M40C_1P0V_0179,4,0,snm_nonmonotonic,False,False,False,False,1.0,77.2,82.1
SRAM_F0_S0_0C_1P0V_0181,SRAM_F0_S0_0C_1P0V_0181,0,0,missing_or_empty_raw,False,False,False,False,1.0,74.2,60.8
SRAM_F2_Q_Qb_S1_0C_1P0V_0194,SRAM_F2_Q_Qb_S1_0C_1P0V_0194,2,0,snm_nonmonotonic,False,True,True,True,3939.6042,20000.0,20000.0
SRAM_F2_Q_Qb_S2_0C_1P0V_0195,SRAM_F2_Q_Qb_S2_0C_1P0V_0195,2,0,snm_nonmonotonic,False,True,True,True,929.4792,20000.0,20000.0
SRAM_F2_Q_Qb_S3_0C_1P0V_0196,SRAM_F2_Q_Qb_S3_0C_1P0V_0196,2,0,snm_nonmonotonic,False,True,True,True,702.1042,20000.0,20000.0
SRAM_F2_Q_Qb_S4_0C_1P0V_0197,SRAM_F2_Q_Qb_S4_0C_1P0V_0197,2,0,snm_nonmonotonic,False,True,True,True,89.8333,20000.0,20000.0
SRAM_F2_Q_Qb_S5_0C_1P0V_0198,SRAM_F2_Q_Qb_S5_0C_1P0V_0198,2,0,snm_nonmonotonic,False,True,True,True,70.8542,20000.0,20000.0
SRAM_F3_storage_pair_S1_0C_1P0V_0199,SRAM_F3_storage_pair_S1_0C_1P0V_0199,3,0,snm_nonmonotonic,False,False,False,False,0.5417,59.8,61.4
SRAM_F3_storage_pair_S4_0C_1P0V_0202,SRAM_F3_storage_pair_S4_0C_1P0V_0202,3,0,snm_nonmonotonic,False,False,False,False,0.2917,59.2,63.4
SRAM_F3_storage_pair_S5_0C_1P0V_0203,SRAM_F3_storage_pair_S5_0C_1P0V_0203,3,0,snm_nonmonotonic,False,False,False,False,0.4167,59.3,64.3
SRAM_F3_storage_pair_S6_0C_1P0V_0204,SRAM_F3_storage_pair_S6_0C_1P0V_0204,3,0,missing_or_empty_raw; snm_nonmonotonic,True,False,False,True,10.0,59.6,65.2
SRAM_F2_Q_Qb_S1_27C_1P0V_0224,SRAM_F2_Q_Qb_S1_27C_1P0V_0224,2,0,snm_nonmonotonic,False,True,True,True,4279.5238,20000.0,20000.0
SRAM_F2_Q_Qb_S2_27C_1P0V_0225,SRAM_F2_Q_Qb_S2_27C_1P0V_0225,2,0,snm_nonmonotonic,False,True,True,True,2540.6667,20000.0,20000.0
SRAM_F2_Q_Qb_S3_27C_1P0V_0226,SRAM_F2_Q_Qb_S3_27C_1P0V_0226,2,0,snm_nonmonotonic,False,True,True,True,1032.9286,20000.0,20000.0
SRAM_F2_Q_Qb_S4_27C_1P0V_0227,SRAM_F2_Q_Qb_S4_27C_1P0V_0227,2,0,snm_nonmonotonic,False,True,True,True,279.9048,20000.0,20000.0
SRAM_F2_Q_Qb_S5_27C_1P0V_0228,SRAM_F2_Q_Qb_S5_27C_1P0V_0228,2,0,missing_or_empty_raw; snm_nonmonotonic,False,True,True,True,216.7619,20000.0,20000.0
SRAM_F3_storage_pair_S5_27C_1P0V_0233,SRAM_F3_storage_pair_S5_27C_1P0V_0233,3,0,snm_nonmonotonic,False,False,False,False,0.6429,59.1,63.2
SRAM_F3_storage_pair_S6_27C_1P0V_0234,SRAM_F3_storage_pair_S6_27C_1P0V_0234,3,0,snm_nonmonotonic,False,False,False,False,0.4762,59.0,64.1
SRAM_F4_access_pair_S5_27C_1P0V_0239,SRAM_F4_access_pair_S5_27C_1P0V_0239,4,0,missing_or_empty_raw,False,False,False,False,1.0,96.4,78.3
SRAM_F2_Q_Qb_S1_75C_1P0V_0254,SRAM_F2_Q_Qb_S1_75C_1P0V_0254,2,0,snm_nonmonotonic,False,True,True,True,7.9462,20000.0,20000.0
SRAM_F2_Q_Qb_S2_75C_1P0V_0255,SRAM_F2_Q_Qb_S2_75C_1P0V_0255,2,0,missing_or_empty_raw; snm_nonmonotonic,True,True,True,True,10.0,20000.0,20000.0
SRAM_F2_Q_Qb_S3_75C_1P0V_0256,SRAM_F2_Q_Qb_S3_75C_1P0V_0256,2,0,snm_nonmonotonic,False,True,True,True,7.6575,20000.0,20000.0
SRAM_F2_Q_Qb_S4_75C_1P0V_0257,SRAM_F2_Q_Qb_S4_75C_1P0V_0257,2,0,snm_nonmonotonic,False,True,True,True,5.6138,20000.0,20000.0
SRAM_F2_Q_Qb_S5_75C_1P0V_0258,SRAM_F2_Q_Qb_S5_75C_1P0V_0258,2,0,snm_nonmonotonic,False,True,True,True,5.2875,20000.0,20000.0
SRAM_F4_access_pair_S3_75C_1P0V_0267,SRAM_F4_access_pair_S3_75C_1P0V_0267,4,0,missing_or_empty_raw,False,False,False,False,1.0,69.2,67.0
SRAM_F1_M5_S4_125C_1P0V_0275,SRAM_F1_M5_S4_125C_1P0V_0275,1,0,missing_or_empty_raw,False,False,False,False,1.0,56.8,54.8
SRAM_F1_M5_S5_125C_1P0V_0276,SRAM_F1_M5_S5_125C_1P0V_0276,1,0,missing_or_empty_raw,False,False,False,False,1.0,75.6,55.2
SRAM_F1_M5_S6_125C_1P0V_0277,SRAM_F1_M5_S6_125C_1P0V_0277,1,0,missing_or_empty_raw,True,False,False,True,10.0,97.5,57.2
SRAM_F2_Q_Qb_S1_125C_1P0V_0284,SRAM_F2_Q_Qb_S1_125C_1P0V_0284,2,0,snm_nonmonotonic,False,True,True,True,48.759,20000.0,20000.0
SRAM_F2_Q_Qb_S2_125C_1P0V_0285,SRAM_F2_Q_Qb_S2_125C_1P0V_0285,2,0,snm_nonmonotonic,False,True,True,True,9.6275,20000.0,20000.0
SRAM_F2_Q_Qb_S3_125C_1P0V_0286,SRAM_F2_Q_Qb_S3_125C_1P0V_0286,2,0,snm_nonmonotonic,False,True,True,True,21.1434,20000.0,20000.0
SRAM_F2_Q_Qb_S4_125C_1P0V_0287,SRAM_F2_Q_Qb_S4_125C_1P0V_0287,2,0,snm_nonmonotonic,False,True,True,True,20.6108,20000.0,20000.0
SRAM_F2_Q_Qb_S5_125C_1P0V_0288,SRAM_F2_Q_Qb_S5_125C_1P0V_0288,2,0,snm_nonmonotonic,False,True,True,True,20.1797,20000.0,20000.0
SRAM_F2_Q_Qb_S1_M40C_1P1V_0314,SRAM_F2_Q_Qb_S1_M40C_1P1V_0314,2,0,snm_nonmonotonic,False,True,True,True,2534.7059,20000.0,20000.0
SRAM_F2_Q_Qb_S2_M40C_1P1V_0315,SRAM_F2_Q_Qb_S2_M40C_1P1V_0315,2,0,snm_nonmonotonic,False,True,True,True,577.2941,20000.0,20000.0
SRAM_F2_Q_Qb_S3_M40C_1P1V_0316,SRAM_F2_Q_Qb_S3_M40C_1P1V_0316,2,0,snm_nonmonotonic,False,True,True,True,520.3059,20000.0,20000.0
SRAM_F2_Q_Qb_S4_M40C_1P1V_0317,SRAM_F2_Q_Qb_S4_M40C_1P1V_0317,2,0,snm_nonmonotonic,False,True,True,True,137.8588,20000.0,20000.0
SRAM_F2_Q_Qb_S5_M40C_1P1V_0318,SRAM_F2_Q_Qb_S5_M40C_1P1V_0318,2,0,snm_nonmonotonic,False,True,True,True,37.7765,20000.0,20000.0
SRAM_F3_storage_pair_S1_M40C_1P1V_0319,SRAM_F3_storage_pair_S1_M40C_1P1V_0319,3,0,missing_or_empty_raw; snm_nonmonotonic,False,False,False,False,0.8706,40.9,49.9
SRAM_F3_storage_pair_S4_M40C_1P1V_0322,SRAM_F3_storage_pair_S4_M40C_1P1V_0322,3,0,snm_nonmonotonic,False,False,False,False,0.3294,50.5,51.0
SRAM_F3_storage_pair_S5_M40C_1P1V_0323,SRAM_F3_storage_pair_S5_M40C_1P1V_0323,3,0,snm_nonmonotonic,False,False,False,False,0.1294,50.5,51.5
SRAM_F3_storage_pair_S6_M40C_1P1V_0324,SRAM_F3_storage_pair_S6_M40C_1P1V_0324,3,0,snm_nonmonotonic,False,False,False,False,0.1294,50.5,52.0
SRAM_F2_Q_Qb_S1_0C_1P1V_0344,SRAM_F2_Q_Qb_S1_0C_1P1V_0344,2,0,snm_nonmonotonic,False,True,True,True,9141.4286,20000.0,20000.0
SRAM_F2_Q_Qb_S2_0C_1P1V_0345,SRAM_F2_Q_Qb_S2_0C_1P1V_0345,2,0,snm_nonmonotonic,False,True,True,True,3426.6786,20000.0,20000.0
SRAM_F2_Q_Qb_S3_0C_1P1V_0346,SRAM_F2_Q_Qb_S3_0C_1P1V_0346,2,0,snm_nonmonotonic,False,True,True,True,1527.3214,20000.0,20000.0
SRAM_F2_Q_Qb_S4_0C_1P1V_0347,SRAM_F2_Q_Qb_S4_0C_1P1V_0347,2,0,snm_nonmonotonic,False,True,True,True,888.8214,20000.0,20000.0
SRAM_F2_Q_Qb_S5_0C_1P1V_0348,SRAM_F2_Q_Qb_S5_0C_1P1V_0348,2,0,snm_nonmonotonic,False,True,True,True,548.4286,20000.0,20000.0
SRAM_F3_storage_pair_S5_0C_1P1V_0353,SRAM_F3_storage_pair_S5_0C_1P1V_0353,3,0,snm_nonmonotonic,False,False,False,False,0.8571,51.0,51.3
SRAM_F3_storage_pair_S6_0C_1P1V_0354,SRAM_F3_storage_pair_S6_0C_1P1V_0354,3,0,snm_nonmonotonic,False,False,False,False,0.9643,50.8,51.8
SRAM_F2_Q_Qb_S1_27C_1P1V_0374,SRAM_F2_Q_Qb_S1_27C_1P1V_0374,2,0,snm_nonmonotonic,False,True,True,True,460.829,20000.0,20000.0
SRAM_F2_Q_Qb_S2_27C_1P1V_0375,SRAM_F2_Q_Qb_S2_27C_1P1V_0375,2,0,snm_nonmonotonic,False,True,True,True,32.9536,20000.0,20000.0
SRAM_F2_Q_Qb_S3_27C_1P1V_0376,SRAM_F2_Q_Qb_S3_27C_1P1V_0376,2,0,snm_nonmonotonic,False,True,True,True,140.4203,20000.0,20000.0
SRAM_F2_Q_Qb_S4_27C_1P1V_0377,SRAM_F2_Q_Qb_S4_27C_1P1V_0377,2,0,snm_nonmonotonic,False,True,True,True,113.8232,20000.0,20000.0
SRAM_F2_Q_Qb_S5_27C_1P1V_0378,SRAM_F2_Q_Qb_S5_27C_1P1V_0378,2,0,snm_nonmonotonic,False,True,True,True,124.1014,20000.0,20000.0
SRAM_F3_storage_pair_S1_27C_1P1V_0379,SRAM_F3_storage_pair_S1_27C_1P1V_0379,3,0,missing_or_empty_raw,False,False,False,False,0.142,64.8,49.4
SRAM_F3_storage_pair_S3_27C_1P1V_0381,SRAM_F3_storage_pair_S3_27C_1P1V_0381,3,0,missing_or_empty_raw,False,False,False,False,0.171,63.9,50.1
SRAM_F3_storage_pair_S5_27C_1P1V_0383,SRAM_F3_storage_pair_S5_27C_1P1V_0383,3,0,snm_nonmonotonic,False,False,False,False,0.1391,51.0,50.9
SRAM_F3_storage_pair_S6_27C_1P1V_0384,SRAM_F3_storage_pair_S6_27C_1P1V_0384,3,0,snm_nonmonotonic,False,False,False,False,0.1159,50.9,51.3
SRAM_F2_Q_Qb_S1_75C_1P1V_0404,SRAM_F2_Q_Qb_S1_75C_1P1V_0404,2,0,snm_nonmonotonic,False,True,True,True,13.824,20000.0,20000.0
SRAM_F2_Q_Qb_S2_75C_1P1V_0405,SRAM_F2_Q_Qb_S2_75C_1P1V_0405,2,0,snm_nonmonotonic,False,True,True,True,9.7111,20000.0,20000.0
SRAM_F2_Q_Qb_S3_75C_1P1V_0406,SRAM_F2_Q_Qb_S3_75C_1P1V_0406,2,0,snm_nonmonotonic,False,True,True,True,9.6217,20000.0,20000.0
SRAM_F2_Q_Qb_S4_75C_1P1V_0407,SRAM_F2_Q_Qb_S4_75C_1P1V_0407,2,0,snm_nonmonotonic,False,True,True,True,10.3235,20000.0,20000.0
SRAM_F2_Q_Qb_S5_75C_1P1V_0408,SRAM_F2_Q_Qb_S5_75C_1P1V_0408,2,0,snm_nonmonotonic,False,True,True,True,10.036,20000.0,20000.0
SRAM_F1_M6_S5_125C_1P1V_0432,SRAM_F1_M6_S5_125C_1P1V_0432,1,0,missing_or_empty_raw,False,False,False,False,1.0,69.3,45.4
SRAM_F2_Q_Qb_S1_125C_1P1V_0434,SRAM_F2_Q_Qb_S1_125C_1P1V_0434,2,0,snm_nonmonotonic,False,True,True,True,23.491,20000.0,20000.0
SRAM_F2_Q_Qb_S2_125C_1P1V_0435,SRAM_F2_Q_Qb_S2_125C_1P1V_0435,2,0,snm_nonmonotonic,False,True,True,True,39.081,20000.0,20000.0
SRAM_F2_Q_Qb_S3_125C_1P1V_0436,SRAM_F2_Q_Qb_S3_125C_1P1V_0436,2,0,snm_nonmonotonic,False,True,True,True,35.1949,20000.0,20000.0
SRAM_F2_Q_Qb_S4_125C_1P1V_0437,SRAM_F2_Q_Qb_S4_125C_1P1V_0437,2,0,snm_nonmonotonic,False,True,True,True,34.2587,20000.0,20000.0
SRAM_F2_Q_Qb_S5_125C_1P1V_0438,SRAM_F2_Q_Qb_S5_125C_1P1V_0438,2,0,snm_nonmonotonic,False,True,True,True,35.2081,20000.0,20000.0
