sample_id,corner_id,pvt_type,vdd_v,temperature_c,fault_class,fault_name,fault_target,severity_value,i_ddq_uA,t_write_ps,i_write_peak_mA,dv_bl_strobe_mV,t_sense_ps,v_bump_mV,hold_pass,write_pass,read_stable_pass,snm_hold_v,snm_read_v,snm_asym_hold_v,snm_asym_read_v,snm_drop_v,is_bistable,iddq_norm,t_write_norm,dv_bl_norm,snm_hold_norm,snm_read_norm,read_write_delay_ratio,snm_ratio,dv_bl_vdd_ratio,converged
SRAM_F0_S0_27C_1P0V_0211,C_27C_1P0V,in_distribution,1.0,27.0,0,healthy,none,0.0,0.0042,60.2,0.035,224.8,60.0,125.0,1,1,1,0.4701,0.2637,0.0,0.0,0.2064,1,1.0,1.0,1.0,1.0,1.0,0.9959,0.5609,0.2248,1
SRAM_F1_M5_S1_27C_1P0V_0212,C_27C_1P0V,in_distribution,1.0,27.0,1,resistive_open,M5,200.0,0.0042,61.0,0.035,224.8,60.0,125.0,1,1,1,0.4701,0.2637,0.0,0.0,0.2064,1,1.0,1.0124,0.9998,1.0,1.0,0.9836,0.5609,0.2248,1
SRAM_F1_M5_S2_27C_1P0V_0213,C_27C_1P0V,in_distribution,1.0,27.0,1,resistive_open,M5,500.0,0.0042,62.2,0.035,224.7,60.0,125.0,1,1,1,0.4701,0.2637,0.0,0.0001,0.2064,1,1.0,1.0324,0.9993,1.0,1.0,0.9646,0.5609,0.2247,1
SRAM_F1_M5_S3_27C_1P0V_0214,C_27C_1P0V,in_distribution,1.0,27.0,1,resistive_open,M5,1000.0,0.0042,64.1,0.035,224.5,60.0,125.0,1,1,1,0.4701,0.2637,0.0,0.0002,0.2064,1,1.0,1.0639,0.9987,1.0,1.0,0.9368,0.5609,0.2245,1
SRAM_F1_M5_S4_27C_1P0V_0215,C_27C_1P0V,in_distribution,1.0,27.0,1,resistive_open,M5,2000.0,0.0042,67.5,0.035,224.2,60.0,125.0,1,1,1,0.4701,0.2637,0.0,0.0003,0.2064,1,1.0,1.1212,0.9976,1.0,1.0,0.889,0.5609,0.2243,1
SRAM_F1_M5_S5_27C_1P0V_0216,C_27C_1P0V,in_distribution,1.0,27.0,1,resistive_open,M5,5000.0,0.0042,78.3,0.035,222.8,60.2,125.0,1,1,1,0.4701,0.2637,0.0,0.0008,0.2064,1,1.0,1.3004,0.9909,1.0,1.0,0.7683,0.5609,0.2228,1
SRAM_F1_M5_S6_27C_1P0V_0217,C_27C_1P0V,in_distribution,1.0,27.0,1,resistive_open,M5,10000.0,0.0042,100.2,0.035,210.2,61.6,125.0,1,1,1,0.4701,0.2637,0.0,0.0017,0.2064,1,1.0,1.6631,0.9351,1.0,1.0,0.6153,0.5609,0.2102,1
SRAM_F1_M6_S1_27C_1P0V_0218,C_27C_1P0V,in_distribution,1.0,27.0,1,resistive_open,M6,200.0,0.0042,61.1,0.035,224.8,60.0,125.0,1,1,1,0.4701,0.2637,0.0,0.0,0.2064,1,1.0,1.0141,0.9998,1.0,1.0,0.982,0.5609,0.2248,1
SRAM_F1_M6_S2_27C_1P0V_0219,C_27C_1P0V,in_distribution,1.0,27.0,1,resistive_open,M6,500.0,0.0042,62.4,0.035,224.7,60.0,125.0,1,1,1,0.4701,0.2637,0.0,0.0001,0.2064,1,1.0,1.0357,0.9993,1.0,1.0,0.9615,0.5609,0.2247,1
SRAM_F1_M6_S3_27C_1P0V_0220,C_27C_1P0V,in_distribution,1.0,27.0,1,resistive_open,M6,1000.0,0.0042,64.8,0.035,224.5,60.0,125.0,1,1,1,0.4701,0.2637,0.0,0.0002,0.2064,1,1.0,1.0747,0.9987,1.0,1.0,0.9274,0.5609,0.2245,1
SRAM_F1_M6_S4_27C_1P0V_0221,C_27C_1P0V,in_distribution,1.0,27.0,1,resistive_open,M6,2000.0,0.0042,69.3,0.035,224.2,60.0,125.0,1,1,1,0.4701,0.2637,0.0,0.0003,0.2064,1,1.0,1.151,0.9976,1.0,1.0,0.8659,0.5609,0.2243,1
SRAM_F1_M6_S5_27C_1P0V_0222,C_27C_1P0V,in_distribution,1.0,27.0,1,resistive_open,M6,5000.0,0.0042,83.4,0.035,222.8,60.2,125.0,1,1,1,0.4701,0.2637,0.0,0.0008,0.2064,1,1.0,1.3842,0.9909,1.0,1.0,0.7218,0.5609,0.2228,1
SRAM_F1_M6_S6_27C_1P0V_0223,C_27C_1P0V,in_distribution,1.0,27.0,1,resistive_open,M6,10000.0,0.0042,110.2,0.035,210.2,61.6,125.0,1,1,1,0.4701,0.2637,0.0,0.0017,0.2064,1,1.0,1.829,0.9351,1.0,1.0,0.5594,0.5609,0.2102,1
SRAM_F2_Q_Qb_S1_27C_1P0V_0224,C_27C_1P0V,in_distribution,1.0,27.0,2,bridging,Q_Qb,500.0,17.974,20000.0,0.045,0.0,20000.0,499.4,0,0,0,0.0,0.0,0.0,0.0,0.0,0,4279.5238,331.9502,0.0,0.0,0.0,1.0,0.0,0.0,0
SRAM_F2_Q_Qb_S2_27C_1P0V_0225,C_27C_1P0V,in_distribution,1.0,27.0,2,bridging,Q_Qb,1000.0,10.6708,20000.0,0.039,0.0,20000.0,499.4,0,0,0,0.0,0.0,0.0,0.0,0.0,0,2540.6667,331.9502,0.0,0.0,0.0,1.0,0.0,0.0,0
SRAM_F2_Q_Qb_S3_27C_1P0V_0226,C_27C_1P0V,in_distribution,1.0,27.0,2,bridging,Q_Qb,2000.0,4.3383,20000.0,0.033,0.0,20000.0,499.4,0,0,0,0.0,0.0,0.0,0.0,0.0,0,1032.9286,331.9502,0.0,0.0,0.0,1.0,0.0,0.0,0
SRAM_F2_Q_Qb_S4_27C_1P0V_0227,C_27C_1P0V,in_distribution,1.0,27.0,2,bridging,Q_Qb,5000.0,1.1756,20000.0,0.028,0.0,20000.0,499.4,0,0,0,0.0,0.0,0.0,0.0,0.0,0,279.9048,331.9502,0.0,0.0,0.0,1.0,0.0,0.0,0
SRAM_F2_Q_Qb_S5_27C_1P0V_0228,C_27C_1P0V,in_distribution,1.0,27.0,2,bridging,Q_Qb,10000.0,0.9104,20000.0,0.028,0.0,20000.0,499.4,0,0,0,0.0,0.0,0.0,0.0,0.0,0,216.7619,331.9502,0.0,0.0,0.0,1.0,0.0,0.0,0
SRAM_F3_storage_pair_S1_27C_1P0V_0229,C_27C_1P0V,in_distribution,1.0,27.0,3,vth_drift_storage_pair,storage_pair,5.0,0.0042,60.0,0.033,220.5,60.5,128.5,1,1,1,0.4835,0.2658,0.0,0.0,0.2177,1,1.0,0.9967,0.9809,1.0285,1.008,1.0075,0.5497,0.2205,1
SRAM_F3_storage_pair_S2_27C_1P0V_0230,C_27C_1P0V,in_distribution,1.0,27.0,3,vth_drift_storage_pair,storage_pair,10.0,0.0041,59.8,0.03,216.1,61.1,132.3,1,1,1,0.4968,0.2664,0.0,0.0,0.2304,1,0.9762,0.9925,0.9613,1.0568,1.0102,1.0217,0.5362,0.2161,1
SRAM_F3_storage_pair_S3_27C_1P0V_0231,C_27C_1P0V,in_distribution,1.0,27.0,3,vth_drift_storage_pair,storage_pair,15.0,0.0038,59.5,0.028,211.4,61.7,136.3,1,1,1,0.482,0.2485,0.0,0.0,0.2335,1,0.9048,0.9884,0.9404,1.0253,0.9424,1.0361,0.5156,0.2114,1
SRAM_F3_storage_pair_S4_27C_1P0V_0232,C_27C_1P0V,in_distribution,1.0,27.0,3,vth_drift_storage_pair,storage_pair,20.0,0.0035,59.4,0.024,206.4,62.4,140.7,1,1,1,0.459,0.2257,0.0,0.0,0.2333,1,0.8333,0.9851,0.9181,0.9764,0.8559,1.0514,0.4917,0.2064,1
SRAM_F3_storage_pair_S5_27C_1P0V_0233,C_27C_1P0V,in_distribution,1.0,27.0,3,vth_drift_storage_pair,storage_pair,25.0,0.0027,59.1,0.023,201.2,63.2,145.4,1,1,1,0.437,0.0,0.0,0.0,0.437,0,0.6429,0.9801,0.895,0.9296,0.0,1.0703,0.0,0.2012,0
SRAM_F3_storage_pair_S6_27C_1P0V_0234,C_27C_1P0V,in_distribution,1.0,27.0,3,vth_drift_storage_pair,storage_pair,30.0,0.002,59.0,0.022,195.7,64.1,150.5,1,1,1,0.414,0.0,0.0,0.0,0.414,0,0.4762,0.9784,0.8706,0.8807,0.0,1.0874,0.0,0.1957,0
SRAM_F4_access_pair_S1_27C_1P0V_0235,C_27C_1P0V,in_distribution,1.0,27.0,4,vth_drift_access,access_pair,5.0,0.0042,63.0,0.034,208.3,63.0,116.7,1,1,1,0.4701,0.2731,0.0,0.0,0.197,1,1.0,1.0456,0.9266,1.0,1.0356,1.0,0.5809,0.2083,1
SRAM_F4_access_pair_S2_27C_1P0V_0236,C_27C_1P0V,in_distribution,1.0,27.0,4,vth_drift_access,access_pair,10.0,0.0042,66.2,0.032,192.4,66.3,108.6,1,1,1,0.4701,0.2824,0.0,0.0,0.1877,1,1.0,1.0988,0.8559,1.0,1.0709,1.0015,0.6007,0.1924,1
SRAM_F4_access_pair_S3_27C_1P0V_0237,C_27C_1P0V,in_distribution,1.0,27.0,4,vth_drift_access,access_pair,15.0,0.0042,69.9,0.032,177.0,69.9,100.7,1,1,1,0.4701,0.2918,0.0,0.0,0.1783,1,1.0,1.1602,0.7874,1.0,1.1066,1.0,0.6207,0.177,1
SRAM_F4_access_pair_S4_27C_1P0V_0238,C_27C_1P0V,in_distribution,1.0,27.0,4,vth_drift_access,access_pair,20.0,0.0042,73.5,0.035,162.1,73.9,93.0,1,1,1,0.4701,0.3012,0.0,0.0,0.1689,1,1.0,1.2199,0.7211,1.0,1.1422,1.0054,0.6407,0.1621,1
SRAM_F4_access_pair_S5_27C_1P0V_0239,C_27C_1P0V,in_distribution,1.0,27.0,4,vth_drift_access,access_pair,25.0,0.0042,96.4,0.03,147.8,78.3,85.6,1,0,1,0.4701,0.3105,0.0,0.0,0.1596,1,1.0,1.6,0.6575,1.0,1.1775,0.8122,0.6605,0.1478,0
SRAM_F4_access_pair_S6_27C_1P0V_0240,C_27C_1P0V,in_distribution,1.0,27.0,4,vth_drift_access,access_pair,30.0,0.0042,82.8,0.032,134.1,83.1,78.3,1,1,1,0.4701,0.3198,0.0,0.0,0.1503,1,1.0,1.3734,0.5965,1.0,1.2127,1.0042,0.6803,0.1341,1
